url,label
https://twitter.com/profile,0
https://stackoverflow.com/help,0
https://shopify.com/settings,0
https://youtube.com/profile?page=20,0
https://target.com/search,0
https://linkedin.com/news,0
https://youtube.com/profile,0
https://walmart.com/products,0
https://wikipedia.org/?page=14,0
https://facebook.com/about,0
https://wikipedia.org?page=32,0
https://chase.com/news,0
https://bbc.com/pricing,0
https://target.com/search,0
https://nytimes.com/contact,0
https://amazon.com/search,0
https://amazon.com/blog?page=55,0
https://ebay.com,0
https://nytimes.com/help,0
https://facebook.com/services,0
https://microsoft.com,0
https://medium.com,0
https://paypal.com/signup,0
https://stackoverflow.com/,0
https://bbc.com/support?page=1,0
https://wikipedia.org/settings,0
https://wellsfargo.com/api/v1/users,0
https://wikipedia.org/help?page=11,0
https://bbc.com/services,0
https://amazon.com/support?page=50,0
https://theguardian.com/about,0
https://wikipedia.org,0
https://youtube.com/profile,0
https://reddit.com/services,0
https://paypal.com/support,0
https://instagram.com/pricing,0
http://github.com?page=95,0
https://apple.com/signup,0
https://chase.com,0
https://theguardian.com/pricing?page=68,0
http://microsoft.com/news,0
https://netflix.com,0
https://wikipedia.org/blog?page=83,0
https://linkedin.com/profile,0
https://netflix.com/index.html?page=81,0
https://walmart.com/services,0
https://chase.com/settings,0
https://ebay.com/contact,0
https://facebook.com/profile?page=95,0
https://wellsfargo.com/faq?page=75,0
https://bbc.com/profile,0
http://github.com/news,0
https://nytimes.com/api/v1/users,0
https://microsoft.com/pricing,0
https://nytimes.com/support,0
https://chase.com/services?page=1,0
https://youtube.com/index.html,0
https://facebook.com/index.html,0
https://instagram.com/,0
https://medium.com/products,0
https://nytimes.com/login?page=84,0
https://instagram.com?page=57,0
https://bestbuy.com/faq,0
https://wikipedia.org/settings,0
https://bankofamerica.com/help,0
https://wikipedia.org/support,0
https://chase.com/search?page=63,0
https://twitter.com/pricing,0
http://bestbuy.com/contact,0
https://twitter.com/home,0
http://nytimes.com/faq,0
https://wikipedia.org/contact,0
https://ebay.com/about,0
https://google.com/api/v1/users,0
https://bestbuy.com/news?page=39,0
https://reddit.com/profile,0
https://medium.com/services,0
http://wellsfargo.com/services?page=88,0
https://theguardian.com/about,0
https://google.com/about?page=34,0
http://wikipedia.org/dashboard?page=69,0
https://facebook.com/api/v1/users?page=99,0
https://bbc.com/help,0
https://shopify.com/help?page=47,0
https://cnn.com/profile,0
https://wellsfargo.com/login,0
https://amazon.com/news,0
https://amazon.com/dashboard?page=80,0
https://wellsfargo.com/news,0
https://reddit.com/profile?page=10,0
https://theguardian.com/search,0
https://wellsfargo.com/about,0
https://medium.com/home,0
https://reddit.com/dashboard,0
https://wellsfargo.com/settings,0
https://shopify.com/support,0
https://microsoft.com/services,0
https://youtube.com/about,0
http://wellsfargo.com/products,0
https://ebay.com/pricing,0
https://bbc.com/news,0
https://wellsfargo.com/support,0
https://bestbuy.com/contact,0
https://amazon.com/pricing,0
https://stackoverflow.com/profile,0
https://google.com/faq?page=13,0
https://amazon.com/search,0
https://stackoverflow.com/search,0
http://shopify.com/home,0
http://nytimes.com/home,0
https://netflix.com/products,0
https://reddit.com/support,0
https://theguardian.com/support?page=84,0
https://wellsfargo.com/services,0
https://cnn.com/products?page=72,0
http://medium.com/support?page=39,0
https://twitter.com/support,0
https://facebook.com/faq,0
https://walmart.com/signup,0
https://wellsfargo.com/news?page=32,0
https://target.com/index.html,0
https://medium.com/about,0
https://bankofamerica.com/about,0
https://instagram.com/api/v1/users,0
http://facebook.com,0
https://google.com/blog?page=63,0
https://walmart.com/pricing,0
https://bestbuy.com,0
http://google.com/login,0
https://reddit.com/search?page=90,0
https://walmart.com/pricing?page=2,0
https://bestbuy.com/products,0
https://walmart.com/news,0
https://google.com/contact?page=36,0
https://nytimes.com/pricing?page=77,0
https://bankofamerica.com/pricing,0
https://bbc.com/api/v1/users,0
http://ebay.com/services,0
http://theguardian.com/,0
https://amazon.com/settings,0
https://nytimes.com/search,0
https://twitter.com/,0
https://walmart.com/news,0
https://facebook.com/search,0
https://microsoft.com/news?page=85,0
https://wellsfargo.com/profile,0
https://theguardian.com/,0
https://github.com/search?page=98,0
https://wikipedia.org/login,0
https://facebook.com/pricing,0
https://cnn.com/faq,0
https://reddit.com/settings?page=15,0
http://facebook.com/pricing?page=49,0
https://google.com/profile,0
https://medium.com/profile,0
http://bbc.com/about,0
https://github.com/home,0
http://amazon.com/api/v1/users,0
https://facebook.com/help,0
https://chase.com/signup,0
https://bestbuy.com/products,0
https://wikipedia.org/api/v1/users,0
http://cnn.com/login,0
https://reddit.com/api/v1/users,0
https://target.com,0
http://wikipedia.org/products?page=73,0
https://medium.com/faq?page=71,0
https://chase.com/services?page=84,0
https://instagram.com/about,0
https://bankofamerica.com/support,0
https://reddit.com/about,0
https://amazon.com/help,0
https://netflix.com/home,0
https://instagram.com/home,0
http://netflix.com/dashboard,0
https://youtube.com/news,0
http://shopify.com/profile,0
https://linkedin.com/,0
https://instagram.com/home,0
https://apple.com/settings?page=64,0
https://microsoft.com/home?page=17,0
https://nytimes.com/blog,0
https://bestbuy.com/services,0
https://facebook.com/api/v1/users,0
https://walmart.com/settings,0
https://netflix.com/blog,0
https://bestbuy.com/help,0
https://wikipedia.org/faq,0
https://bestbuy.com/blog,0
https://bbc.com/profile,0
https://walmart.com/home,0
https://shopify.com/profile,0
https://nytimes.com/dashboard,0
https://twitter.com/help,0
https://facebook.com/about,0
https://bankofamerica.com/faq,0
https://instagram.com/products,0
http://linkedin.com/profile,0
https://reddit.com/api/v1/users,0
https://google.com/dashboard,0
https://youtube.com/pricing,0
https://cnn.com/settings?page=76,0
https://youtube.com/help?page=53,0
https://google.com/help,0
https://instagram.com/dashboard,0
https://theguardian.com/api/v1/users,0
https://bestbuy.com/about,0
http://nytimes.com/support,0
https://facebook.com/profile?page=91,0
https://twitter.com/faq,0
https://github.com/news,0
https://walmart.com,0
https://ebay.com/blog?page=91,0
https://target.com/api/v1/users,0
http://youtube.com/help?page=68,0
https://google.com/products,0
https://netflix.com/products,0
https://medium.com/index.html,0
https://linkedin.com/search,0
https://bankofamerica.com/blog,0
http://instagram.com,0
https://theguardian.com/contact,0
https://google.com/news,0
https://medium.com/settings,0
http://bankofamerica.com/index.html,0
https://netflix.com/api/v1/users,0
http://microsoft.com,0
https://bbc.com/settings,0
https://wikipedia.org/settings?page=33,0
http://chase.com/contact,0
https://netflix.com/faq,0
https://microsoft.com/blog?page=63,0
https://theguardian.com/api/v1/users,0
https://reddit.com/settings,0
https://stackoverflow.com/support,0
https://bestbuy.com/profile,0
https://instagram.com/support?page=30,0
https://target.com/home,0
https://github.com/profile,0
https://amazon.com/search,0
https://google.com/pricing,0
https://bestbuy.com/search,0
https://stackoverflow.com/api/v1/users?page=45,0
https://nytimes.com/search,0
https://paypal.com/signup,0
https://twitter.com/faq,0
https://youtube.com/signup,0
https://ebay.com/api/v1/users,0
http://cnn.com/profile,0
https://medium.com/settings,0
https://chase.com/blog,0
https://microsoft.com/faq?page=57,0
https://youtube.com/api/v1/users?page=30,0
https://stackoverflow.com/dashboard,0
http://apple.com/signup,0
https://cnn.com/faq,0
https://apple.com/contact,0
https://nytimes.com/search,0
https://apple.com/products,0
http://medium.com/settings,0
https://google.com/signup,0
https://github.com/about?page=98,0
https://paypal.com/pricing,0
https://stackoverflow.com/login?page=12,0
https://shopify.com/dashboard,0
https://youtube.com/signup,0
https://medium.com,0
https://facebook.com/api/v1/users?page=95,0
https://apple.com/about,0
https://apple.com/blog?page=92,0
https://wikipedia.org/about,0
https://bbc.com/blog,0
https://apple.com/settings,0
https://theguardian.com/products,0
https://wikipedia.org/search?page=59,0
https://instagram.com/blog,0
https://medium.com/profile,0
https://facebook.com/api/v1/users,0
https://youtube.com/login,0
http://target.com/search,0
https://twitter.com/profile,0
https://github.com/blog,0
http://amazon.com/pricing,0
https://chase.com/help?page=99,0
https://twitter.com/products,0
https://ebay.com/services,0
https://instagram.com/help,0
https://google.com?page=82,0
https://bbc.com/settings,0
https://walmart.com/contact,0
https://facebook.com?page=45,0
https://bbc.com/settings?page=44,0
http://ebay.com/login,0
https://netflix.com/blog,0
http://apple.com/profile,0
https://bbc.com/contact,0
https://stackoverflow.com/contact,0
https://wellsfargo.com/search,0
https://medium.com/settings?page=89,0
http://netflix.com/login,0
https://instagram.com/faq,0
https://wikipedia.org/support,0
https://apple.com/contact?page=60,0
https://chase.com/search,0
https://reddit.com/login,0
https://apple.com/profile,0
https://bbc.com/products,0
https://facebook.com/contact,0
https://wellsfargo.com/home,0
https://linkedin.com/api/v1/users,0
https://github.com/blog?page=4,0
https://medium.com/signup,0
https://netflix.com/support,0
https://stackoverflow.com/,0
https://apple.com/settings,0
https://cnn.com/profile?page=40,0
http://google.com/services,0
https://apple.com/profile?page=39,0
https://bankofamerica.com/products,0
https://linkedin.com/services,0
https://reddit.com/pricing,0
https://medium.com/contact,0
https://twitter.com/login?page=42,0
https://microsoft.com/index.html?page=96,0
https://facebook.com/search?page=54,0
https://walmart.com/faq,0
https://medium.com/login?page=19,0
https://reddit.com/contact,0
https://theguardian.com/api/v1/users,0
https://medium.com/settings?page=58,0
https://shopify.com/dashboard,0
https://microsoft.com/services,0
https://bestbuy.com/help,0
https://github.com/support,0
http://nytimes.com/help,0
https://paypal.com/support?page=17,0
https://chase.com/support?page=83,0
https://walmart.com/login?page=85,0
https://shopify.com/index.html,0
https://nytimes.com/pricing,0
https://apple.com/contact,0
https://github.com/,0
https://stackoverflow.com/faq?page=31,0
https://chase.com/services,0
https://walmart.com/help?page=80,0
https://shopify.com/settings,0
https://linkedin.com/pricing,0
https://shopify.com/?page=31,0
https://twitter.com,0
https://youtube.com/support?page=84,0
http://bbc.com/services?page=85,0
https://stackoverflow.com/pricing,0
https://wikipedia.org/support,0
http://google.com/faq,0
https://amazon.com/blog,0
https://stackoverflow.com/,0
https://reddit.com/dashboard,0
https://facebook.com/dashboard,0
https://microsoft.com/index.html,0
https://ebay.com/news,0
https://cnn.com/home,0
http://apple.com/index.html?page=88,0
https://paypal.com/help,0
https://theguardian.com,0
https://wellsfargo.com/login,0
https://netflix.com/login,0
https://paypal.com/dashboard,0
https://apple.com/products,0
https://theguardian.com/products?page=14,0
https://theguardian.com/news?page=50,0
https://nytimes.com,0
https://reddit.com/search,0
https://medium.com/index.html,0
https://walmart.com/about,0
https://wellsfargo.com/profile,0
https://bankofamerica.com/api/v1/users,0
https://nytimes.com/dashboard?page=74,0
http://microsoft.com/about,0
https://bbc.com/support,0
https://shopify.com/login,0
https://google.com/api/v1/users,0
https://reddit.com/dashboard?page=8,0
http://netflix.com/faq,0
https://youtube.com/blog,0
https://netflix.com/news?page=63,0
http://facebook.com/search,0
https://instagram.com/api/v1/users,0
http://cnn.com/settings,0
https://instagram.com/settings,0
https://wellsfargo.com/login,0
https://microsoft.com/search,0
https://chase.com/news,0
https://twitter.com/pricing,0
https://google.com/pricing,0
https://wellsfargo.com/api/v1/users,0
https://ebay.com,0
https://google.com/faq,0
https://paypal.com/help,0
https://target.com/search,0
https://reddit.com/support,0
https://linkedin.com,0
https://shopify.com/blog,0
https://apple.com/blog,0
https://bankofamerica.com,0
https://netflix.com/?page=28,0
https://reddit.com/pricing?page=41,0
https://facebook.com/,0
https://stackoverflow.com/dashboard,0
https://amazon.com/api/v1/users?page=95,0
https://target.com/support,0
https://apple.com/settings,0
https://youtube.com/search,0
https://theguardian.com/settings,0
https://stackoverflow.com/blog,0
https://bankofamerica.com/dashboard,0
https://instagram.com/contact,0
https://cnn.com/pricing,0
https://twitter.com/about,0
https://walmart.com/services,0
https://microsoft.com/faq?page=93,0
https://reddit.com/index.html,0
https://reddit.com/faq,0
https://github.com/faq?page=82,0
https://amazon.com/products,0
https://apple.com/about,0
https://netflix.com/index.html,0
https://wellsfargo.com/settings,0
http://netflix.com/about,0
https://reddit.com/search?page=91,0
https://chase.com/signup,0
https://chase.com/signup?page=36,0
http://amazon.com/,0
https://linkedin.com/news,0
https://shopify.com?page=22,0
https://target.com/help,0
https://shopify.com/signup,0
https://linkedin.com,0
https://amazon.com/index.html?page=90,0
https://microsoft.com?page=40,0
http://github.com/pricing,0
https://bankofamerica.com/pricing,0
https://bbc.com/products?page=13,0
https://bankofamerica.com/contact,0
https://reddit.com/index.html,0
https://bestbuy.com/settings,0
https://amazon.com/home,0
https://instagram.com/products?page=87,0
https://twitter.com/faq,0
https://wikipedia.org/contact,0
https://shopify.com/profile,0
https://youtube.com/login,0
https://bestbuy.com/search,0
https://linkedin.com/search,0
https://twitter.com?page=56,0
https://bbc.com/?page=36,0
https://medium.com/faq,0
https://github.com/profile?page=58,0
https://github.com/signup?page=30,0
https://linkedin.com/news,0
https://linkedin.com/pricing,0
https://google.com/faq?page=24,0
https://twitter.com/faq,0
https://walmart.com/support?page=41,0
https://medium.com/home,0
https://walmart.com/contact,0
https://reddit.com/dashboard,0
https://stackoverflow.com/,0
https://apple.com/index.html,0
https://youtube.com/blog?page=26,0
https://youtube.com/,0
https://ebay.com/help?page=30,0
https://medium.com/,0
https://netflix.com/pricing,0
https://reddit.com,0
https://bankofamerica.com,0
https://youtube.com/api/v1/users,0
https://facebook.com/index.html,0
https://paypal.com/index.html?page=60,0
https://bankofamerica.com/dashboard,0
https://bestbuy.com/contact,0
https://microsoft.com/login,0
https://linkedin.com/index.html,0
https://cnn.com/help?page=55,0
https://instagram.com/news,0
https://facebook.com/pricing,0
https://reddit.com/index.html,0
https://wikipedia.org/help,0
https://nytimes.com/home,0
https://wikipedia.org/settings,0
https://paypal.com/help,0
https://twitter.com/profile,0
https://youtube.com/blog,0
https://medium.com/support,0
https://stackoverflow.com/profile?page=40,0
https://bbc.com/blog,0
https://reddit.com/blog,0
https://youtube.com/services?page=84,0
https://ebay.com/settings,0
https://bankofamerica.com/help,0
https://linkedin.com,0
http://medium.com,0
https://wikipedia.org/signup,0
https://github.com/pricing,0
https://cnn.com/dashboard,0
https://bbc.com/support,0
https://amazon.com/profile,0
https://nytimes.com/profile,0
https://twitter.com/support,0
https://reddit.com/blog,0
https://nytimes.com/help,0
https://netflix.com/blog,0
https://nytimes.com/contact,0
https://linkedin.com/profile,0
https://nytimes.com/about,0
https://cnn.com/login,0
https://medium.com/help,0
https://stackoverflow.com/login,0
https://bestbuy.com/signup,0
https://cnn.com/signup?page=49,0
https://apple.com/search,0
https://google.com/signup,0
https://google.com/help?page=74,0
https://twitter.com/home?page=85,0
https://chase.com/support,0
https://apple.com/settings,0
https://amazon.com/blog?page=74,0
https://github.com/pricing,0
https://paypal.com/signup,0
https://shopify.com/help,0
https://instagram.com/login,0
https://youtube.com/settings,0
https://youtube.com/dashboard?page=31,0
https://netflix.com/search,0
https://medium.com/news,0
https://facebook.com/profile,0
https://medium.com/faq?page=59,0
https://youtube.com/faq,0
https://shopify.com/settings?page=43,0
https://linkedin.com/dashboard,0
https://google.com/contact,0
https://ebay.com/signup,0
https://chase.com/products,0
https://wikipedia.org/help,0
http://walmart.com/search,0
https://nytimes.com/search,0
https://facebook.com/about,0
https://google.com/faq,0
https://facebook.com,0
https://linkedin.com/blog,0
https://chase.com/contact,0
https://nytimes.com/dashboard,0
http://github.com/faq,0
https://paypal.com/profile,0
https://facebook.com/search,0
https://nytimes.com/signup,0
https://amazon.com/help,0
https://theguardian.com/login?page=53,0
https://medium.com/signup,0
https://wellsfargo.com/dashboard,0
https://stackoverflow.com/signup?page=81,0
http://wellsfargo.com/products?page=8,0
https://chase.com/signup,0
https://reddit.com/signup?page=40,0
https://chase.com/search,0
https://wellsfargo.com/about,0
https://instagram.com/pricing,0
https://apple.com/contact,0
https://bankofamerica.com/help,0
https://chase.com/login,0
https://target.com/profile,0
https://facebook.com/services,0
http://cnn.com/api/v1/users,0
https://theguardian.com/search,0
https://theguardian.com/index.html,0
http://netflix.com/news,0
https://microsoft.com/home,0
https://youtube.com/index.html,0
https://netflix.com/dashboard,0
https://wikipedia.org/blog,0
https://twitter.com/,0
http://amazon.com/profile,0
https://reddit.com/index.html,0
https://ebay.com/faq,0
https://twitter.com/api/v1/users,0
https://reddit.com/faq,0
https://medium.com/profile,0
https://cnn.com/home,0
https://github.com/,0
https://medium.com/products,0
https://instagram.com/support,0
http://amazon.com/blog,0
https://google.com?page=15,0
https://google.com/news?page=18,0
https://target.com/services,0
https://bankofamerica.com/help?page=5,0
https://walmart.com/products,0
https://apple.com/about?page=81,0
https://youtube.com/signup,0
https://github.com/index.html,0
https://wikipedia.org/products,0
https://bestbuy.com/faq,0
https://microsoft.com/index.html,0
http://amazon.com/search?page=3,0
https://ebay.com/search,0
https://amazon.com/blog,0
http://bestbuy.com/support,0
https://cnn.com/search,0
https://youtube.com/about,0
https://wellsfargo.com/home?page=79,0
https://github.com/index.html,0
http://amazon.com/login?page=43,0
https://cnn.com/login,0
https://bankofamerica.com/faq,0
https://apple.com/home?page=32,0
https://instagram.com/,0
https://shopify.com/signup,0
https://github.com/,0
https://cnn.com/products?page=74,0
https://cnn.com/dashboard,0
https://chase.com/profile,0
https://microsoft.com/dashboard,0
https://walmart.com/login,0
https://youtube.com/login,0
https://ebay.com/contact,0
https://bestbuy.com/blog?page=88,0
http://bankofamerica.com/blog,0
https://netflix.com/faq,0
https://github.com/api/v1/users,0
https://medium.com/,0
https://shopify.com/about,0
https://stackoverflow.com/services,0
https://paypal.com/contact,0
https://netflix.com/help,0
https://linkedin.com/help,0
https://target.com/products?page=96,0
https://linkedin.com/profile?page=18,0
https://bbc.com/?page=24,0
https://wellsfargo.com/profile?page=99,0
https://reddit.com/,0
https://shopify.com/pricing?page=64,0
http://theguardian.com?page=25,0
https://wellsfargo.com/support,0
https://twitter.com/help?page=28,0
http://paypal.com/index.html,0
https://stackoverflow.com/about?page=83,0
https://paypal.com/blog,0
https://reddit.com/help?page=64,0
https://ebay.com/index.html,0
https://google.com/about,0
https://microsoft.com/blog,0
https://cnn.com/settings,0
https://walmart.com/news,0
https://nytimes.com/profile,0
https://nytimes.com/index.html,0
https://github.com/api/v1/users?page=21,0
https://target.com/signup,0
https://wellsfargo.com,0
https://github.com/support,0
https://microsoft.com/signup,0
https://apple.com/api/v1/users?page=21,0
https://amazon.com/faq?page=4,0
https://github.com/signup,0
https://nytimes.com/contact,0
https://github.com/index.html,0
https://microsoft.com/settings?page=73,0
https://nytimes.com/settings,0
https://paypal.com/products,0
https://netflix.com/contact?page=93,0
https://bestbuy.com/blog?page=12,0
https://twitter.com/blog,0
https://microsoft.com/contact,0
https://ebay.com/dashboard,0
https://bbc.com/index.html,0
https://instagram.com/products,0
http://youtube.com/blog,0
https://netflix.com/pricing,0
https://stackoverflow.com/products,0
https://theguardian.com/settings,0
https://instagram.com/faq,0
http://cnn.com/news,0
https://bestbuy.com/,0
https://github.com/api/v1/users,0
https://chase.com/index.html,0
http://cnn.com/products,0
https://bankofamerica.com/profile,0
https://netflix.com/services,0
https://wikipedia.org/about,0
https://google.com/contact?page=38,0
http://target.com?page=91,0
https://wellsfargo.com/dashboard,0
https://youtube.com/index.html,0
https://youtube.com/dashboard,0
https://twitter.com,0
https://walmart.com/blog,0
https://shopify.com/help,0
https://walmart.com/pricing?page=42,0
https://wikipedia.org/,0
https://walmart.com/search?page=63,0
https://wellsfargo.com/profile?page=23,0
https://stackoverflow.com/pricing,0
https://chase.com/about,0
https://paypal.com/signup,0
http://nytimes.com/search,0
http://bbc.com/search,0
https://bbc.com/login,0
https://shopify.com/faq,0
https://netflix.com/help,0
https://instagram.com/dashboard,0
https://nytimes.com/settings?page=5,0
https://ebay.com/blog,0
https://linkedin.com/products,0
https://theguardian.com,0
https://cnn.com/settings,0
https://wellsfargo.com/api/v1/users,0
https://bankofamerica.com/help?page=47,0
https://cnn.com/pricing,0
https://youtube.com/signup,0
https://wikipedia.org/dashboard?page=11,0
https://facebook.com/api/v1/users,0
https://youtube.com/dashboard,0
https://stackoverflow.com/home,0
https://cnn.com/services,0
https://bestbuy.com/,0
https://bestbuy.com/news,0
https://nytimes.com,0
https://microsoft.com/login,0
https://shopify.com/search,0
https://stackoverflow.com/contact,0
https://wellsfargo.com/contact?page=17,0
https://cnn.com/pricing,0
https://nytimes.com/home?page=52,0
https://medium.com/settings,0
http://apple.com/api/v1/users,0
https://walmart.com/home,0
https://wikipedia.org/home?page=23,0
https://wikipedia.org/help,0
https://theguardian.com/,0
https://stackoverflow.com/about,0
https://linkedin.com/faq,0
https://theguardian.com/login,0
http://bestbuy.com/help?page=2,0
https://wellsfargo.com/services,0
https://wellsfargo.com/pricing?page=37,0
https://target.com/home,0
https://ebay.com/search,0
https://twitter.com/support?page=24,0
https://reddit.com/news?page=85,0
https://cnn.com/home,0
https://apple.com/products,0
https://nytimes.com/about?page=36,0
https://ebay.com/home,0
https://microsoft.com/search,0
https://wellsfargo.com/dashboard,0
https://apple.com/services,0
https://microsoft.com/faq?page=63,0
https://nytimes.com/about,0
https://linkedin.com/search,0
http://bestbuy.com/services,0
https://stackoverflow.com/dashboard,0
https://microsoft.com/faq,0
https://instagram.com/faq,0
https://wellsfargo.com,0
https://youtube.com/faq,0
https://medium.com/api/v1/users?page=80,0
https://google.com/settings,0
https://github.com/products?page=17,0
https://microsoft.com/index.html,0
https://linkedin.com/pricing,0
https://youtube.com/dashboard,0
https://bbc.com/help,0
https://microsoft.com/profile,0
https://cnn.com/search,0
https://theguardian.com/search,0
https://netflix.com/login,0
https://bestbuy.com/login,0
https://wellsfargo.com/services,0
https://facebook.com/support,0
https://chase.com/dashboard,0
http://stackoverflow.com?page=60,0
https://walmart.com/index.html,0
https://paypal.com/support,0
https://paypal.com,0
https://google.com/blog,0
https://theguardian.com/profile,0
https://wikipedia.org/login,0
https://facebook.com/help,0
https://twitter.com/support,0
http://instagram.com/home,0
https://reddit.com/index.html?page=82,0
https://microsoft.com/login,0
https://wellsfargo.com/dashboard,0
https://shopify.com/products,0
https://medium.com/dashboard,0
https://facebook.com/dashboard,0
https://paypal.com/search,0
https://bankofamerica.com/settings,0
https://paypal.com/news?page=61,0
https://youtube.com/products?page=34,0
https://instagram.com/support,0
https://linkedin.com/profile,0
https://reddit.com/pricing,0
https://bestbuy.com/home,0
http://medium.com/blog?page=24,0
https://google.com/,0
https://youtube.com/about,0
http://bestbuy.com/faq,0
https://ebay.com/dashboard?page=13,0
http://nytimes.com/login?page=97,0
https://bbc.com/index.html,0
http://cnn.com/home,0
https://microsoft.com/about?page=7,0
https://bbc.com/pricing,0
https://stackoverflow.com/faq,0
https://paypal.com,0
https://bbc.com/support?page=9,0
https://walmart.com/signup,0
https://nytimes.com/news,0
http://bestbuy.com/profile,0
https://medium.com/services,0
http://wellsfargo.com/search,0
https://reddit.com/blog,0
https://netflix.com/index.html?page=54,0
https://apple.com/settings?page=50,0
https://bbc.com/products?page=7,0
https://microsoft.com/search?page=6,0
https://bankofamerica.com/news,0
https://target.com/services,0
https://shopify.com/,0
https://walmart.com/support,0
https://instagram.com/services,0
https://reddit.com/support?page=96,0
https://apple.com/faq,0
http://amazon.com/home,0
https://youtube.com/search,0
https://youtube.com/dashboard,0
https://chase.com/settings,0
https://target.com/faq?page=45,0
https://linkedin.com/login,0
https://medium.com/pricing,0
https://facebook.com/index.html,0
https://facebook.com/faq,0
https://bestbuy.com/search?page=5,0
https://wikipedia.org/contact,0
https://apple.com/support,0
https://instagram.com/dashboard,0
https://shopify.com/login?page=82,0
https://amazon.com/news?page=61,0
https://reddit.com/services,0
https://wellsfargo.com/index.html,0
https://reddit.com/pricing?page=63,0
https://wikipedia.org/settings,0
https://linkedin.com/services,0
http://linkedin.com/pricing,0
https://target.com/settings,0
http://linkedin.com,0
https://bbc.com/contact?page=22,0
https://shopify.com/profile,0
https://microsoft.com/faq,0
https://paypal.com/contact?page=56,0
https://shopify.com/support,0
https://ebay.com/about?page=1,0
https://cnn.com/news,0
https://theguardian.com/blog,0
https://amazon.com/settings?page=32,0
https://microsoft.com/search,0
https://linkedin.com/signup,0
https://bbc.com/services,0
https://cnn.com/about,0
https://reddit.com/index.html,0
https://stackoverflow.com/support,0
https://microsoft.com/index.html?page=23,0
https://microsoft.com/home?page=92,0
https://paypal.com/products,0
https://walmart.com/news?page=5,0
https://nytimes.com/pricing?page=41,0
https://ebay.com/signup,0
https://microsoft.com/search,0
https://target.com,0
https://youtube.com/,0
http://ebay.com/login?page=63,0
https://medium.com/about,0
https://apple.com/contact,0
http://walmart.com/services?page=74,0
https://instagram.com/news,0
https://ebay.com/dashboard,0
https://instagram.com/login,0
https://target.com/dashboard,0
http://ebay.com/support,0
https://target.com/login,0
https://twitter.com/services,0
https://twitter.com/profile,0
https://chase.com/settings,0
https://facebook.com/contact,0
https://github.com/home?page=61,0
https://wellsfargo.com/support,0
https://bestbuy.com/products,0
https://apple.com/settings,0
https://shopify.com/blog,0
https://chase.com/about,0
https://google.com/settings,0
https://nytimes.com/profile?page=69,0
https://ebay.com/settings?page=81,0
https://stackoverflow.com/signup,0
https://microsoft.com/index.html,0
https://nytimes.com/products?page=74,0
https://stackoverflow.com/services,0
https://cnn.com/support?page=74,0
https://walmart.com/api/v1/users,0
https://target.com/blog,0
https://ebay.com/help,0
https://theguardian.com/blog,0
http://amazon.com/help?page=48,0
https://bbc.com/about,0
https://medium.com/profile,0
http://walmart.com/search,0
https://wellsfargo.com/dashboard,0
https://walmart.com/api/v1/users?page=75,0
https://stackoverflow.com/,0
https://wikipedia.org/settings,0
https://instagram.com/faq,0
https://linkedin.com,0
https://medium.com/blog,0
https://stackoverflow.com/settings,0
https://wikipedia.org/faq?page=51,0
https://bankofamerica.com/search?page=93,0
https://paypal.com/api/v1/users?page=37,0
https://wikipedia.org/dashboard,0
https://github.com/,0
https://chase.com/pricing?page=47,0
https://paypal.com/services,0
https://medium.com/faq,0
https://wellsfargo.com/blog,0
https://wikipedia.org/about?page=98,0
https://linkedin.com/index.html,0
https://facebook.com/pricing,0
http://twitter.com/pricing,0
http://theguardian.com/signup,0
https://reddit.com/about,0
https://target.com/blog,0
https://google.com/home,0
https://bbc.com/?page=77,0
https://twitter.com/services,0
https://bbc.com/profile,0
https://instagram.com/support,0
https://wikipedia.org/settings,0
https://instagram.com/api/v1/users?page=38,0
https://instagram.com/faq,0
http://github.com/faq,0
https://stackoverflow.com/about,0
https://target.com/help,0
https://netflix.com/contact,0
https://facebook.com/search,0
https://target.com/faq,0
https://microsoft.com/help,0
https://theguardian.com,0
https://instagram.com/faq?page=4,0
https://google.com/search,0
https://wikipedia.org/index.html,0
https://apple.com/faq,0
https://wellsfargo.com/pricing,0
https://cnn.com/help,0
http://instagram.com/index.html,0
https://twitter.com/search,0
https://medium.com/about,0
https://shopify.com/search?page=48,0
http://twitter.com/pricing,0
https://bankofamerica.com/news?page=27,0
https://walmart.com/dashboard,0
https://stackoverflow.com/dashboard?page=36,0
https://instagram.com/news,0
https://youtube.com/,0
https://twitter.com/support,0
http://amazon.com/search?page=72,0
https://bankofamerica.com/dashboard,0
https://linkedin.com/products,0
https://microsoft.com/profile,0
https://stackoverflow.com/blog,0
https://chase.com/,0
http://github.com/products?page=1,0
https://wellsfargo.com/login,0
https://wellsfargo.com/products,0
https://stackoverflow.com/support,0
https://reddit.com/products,0
https://cnn.com/,0
https://stackoverflow.com/dashboard,0
https://stackoverflow.com/support,0
https://chase.com/?page=3,0
https://wikipedia.org/products,0
https://linkedin.com/services,0
https://shopify.com/faq,0
https://facebook.com/pricing,0
https://theguardian.com/about?page=16,0
https://reddit.com/profile,0
https://apple.com/profile,0
https://youtube.com?page=72,0
https://nytimes.com/index.html,0
https://youtube.com/support?page=3,0
https://amazon.com/profile,0
https://instagram.com/news,0
https://nytimes.com/api/v1/users?page=53,0
https://chase.com/products,0
https://bbc.com/services?page=85,0
https://shopify.com/services?page=32,0
https://apple.com/profile,0
https://shopify.com/signup,0
https://chase.com,0
https://bbc.com/dashboard,0
https://chase.com/profile,0
https://reddit.com/faq?page=80,0
https://shopify.com/products,0
https://amazon.com/login?page=86,0
https://shopify.com/signup,0
https://youtube.com/dashboard,0
https://theguardian.com/products,0
https://paypal.com/about,0
https://cnn.com/faq?page=20,0
https://theguardian.com/login,0
https://apple.com/api/v1/users,0
https://shopify.com/news,0
https://chase.com/search?page=16,0
https://theguardian.com/help,0
https://google.com/settings,0
https://chase.com/api/v1/users,0
https://wellsfargo.com/index.html,0
https://apple.com/signup,0
https://cnn.com/signup,0
https://apple.com/help,0
https://facebook.com,0
https://paypal.com,0
https://ebay.com/home?page=48,0
https://paypal.com/index.html,0
https://amazon.com/settings,0
https://apple.com/profile,0
http://target.com/products,0
https://instagram.com/settings,0
https://microsoft.com/services,0
https://wellsfargo.com/contact?page=36,0
https://cnn.com/signup?page=73,0
https://medium.com/news,0
https://wellsfargo.com/faq,0
https://microsoft.com/faq?page=22,0
https://apple.com/support?page=25,0
http://github.com/pricing,0
https://target.com/dashboard?page=68,0
https://linkedin.com/news?page=81,0
https://youtube.com/help,0
https://target.com/services,0
https://paypal.com/support?page=33,0
https://amazon.com/profile,0
http://bbc.com/about,0
https://youtube.com,0
https://medium.com/news?page=13,0
https://bestbuy.com/services,0
https://wellsfargo.com/contact,0
https://walmart.com/,0
https://wikipedia.org,0
https://linkedin.com/signup,0
https://linkedin.com/home,0
https://reddit.com/settings,0
https://ebay.com/home,0
https://bankofamerica.com,0
http://paypal.com/faq,0
https://walmart.com/search,0
https://medium.com/api/v1/users,0
https://microsoft.com/news?page=94,0
https://stackoverflow.com/login,0
https://ebay.com/products,0
https://target.com/search,0
https://bankofamerica.com/api/v1/users,0
https://amazon.com/login,0
https://bbc.com/contact,0
https://target.com/api/v1/users?page=27,0
http://bbc.com/api/v1/users,0
https://theguardian.com/products,0
https://youtube.com/pricing,0
https://theguardian.com/search,0
https://twitter.com/faq,0
https://instagram.com/services,0
https://reddit.com/,0
http://apple.com/contact,0
https://stackoverflow.com/dashboard,0
https://shopify.com/support,0
http://netflix.com/products?page=38,0
https://theguardian.com/products,0
http://instagram.com/signup?page=90,0
https://bankofamerica.com/signup?page=20,0
https://target.com/dashboard,0
https://instagram.com/index.html,0
https://linkedin.com/search,0
https://bbc.com/pricing,0
https://target.com/support,0
https://youtube.com/settings,0
https://walmart.com/products,0
https://stackoverflow.com/services,0
https://github.com/faq,0
https://bankofamerica.com/settings?page=10,0
https://apple.com/contact,0
https://amazon.com/help,0
https://bbc.com/pricing,0
https://nytimes.com/index.html,0
https://facebook.com/faq,0
https://reddit.com/blog,0
http://twitter.com/signup,0
https://target.com/settings?page=66,0
https://cnn.com/services,0
https://paypal.com/support,0
https://netflix.com/search,0
https://chase.com/pricing,0
https://shopify.com/products,0
https://nytimes.com/about,0
https://target.com/home?page=94,0
https://facebook.com/,0
https://microsoft.com/api/v1/users,0
https://wellsfargo.com/support,0
https://microsoft.com/about,0
https://chase.com/support,0
https://wellsfargo.com,0
https://instagram.com/api/v1/users,0
https://twitter.com/dashboard?page=34,0
https://medium.com/,0
https://nytimes.com/support,0
https://medium.com/contact?page=76,0
http://microsoft.com/contact,0
https://bbc.com/help?page=33,0
https://bestbuy.com/signup,0
https://bestbuy.com,0
http://theguardian.com/services,0
https://target.com,0
https://medium.com/dashboard,0
https://github.com/dashboard,0
https://chase.com/search,0
https://amazon.com/home,0
http://linkedin.com/products?page=81,0
https://amazon.com/index.html,0
https://medium.com/dashboard,0
https://bankofamerica.com/contact,0
https://github.com/pricing,0
https://bestbuy.com/support,0
https://bbc.com/signup?page=45,0
https://twitter.com/support,0
https://facebook.com/profile,0
https://walmart.com/services?page=50,0
https://shopify.com/faq,0
https://linkedin.com/settings,0
https://bbc.com/about,0
https://wellsfargo.com/index.html,0
https://walmart.com/support,0
https://youtube.com/,0
http://theguardian.com/services?page=68,0
https://walmart.com/search,0
https://netflix.com/signup,0
https://paypal.com/contact,0
https://youtube.com/search,0
https://amazon.com/dashboard,0
https://netflix.com,0
https://cnn.com/services,0
http://youtube.com/home?page=39,0
https://bankofamerica.com/signup,0
https://chase.com/about,0
https://paypal.com,0
https://chase.com/services,0
https://ebay.com/news,0
http://bbc.com/services,0
https://walmart.com/signup,0
https://target.com,0
https://youtube.com/support,0
https://medium.com/pricing,0
https://theguardian.com/settings,0
https://paypal.com/pricing,0
https://paypal.com/blog?page=30,0
http://facebook.com/about,0
https://bestbuy.com/home,0
https://stackoverflow.com/about,0
https://wellsfargo.com/index.html,0
http://nytimes.com/help,0
https://wellsfargo.com,0
https://bestbuy.com/home,0
https://bbc.com/about?page=3,0
https://chase.com/index.html,0
https://bankofamerica.com/faq?page=9,0
https://theguardian.com/login?page=85,0
https://microsoft.com/support,0
http://wellsfargo.com/search,0
https://wellsfargo.com/blog,0
http://reddit.com/about,0
http://theguardian.com/profile?page=39,0
https://google.com/pricing,0
https://theguardian.com/news,0
http://linkedin.com/support,0
https://netflix.com/faq?page=88,0
https://microsoft.com/products,0
https://google.com,0
https://apple.com/home,0
https://google.com/pricing,0
http://linkedin.com/dashboard,0
https://medium.com/faq,0
https://google.com/blog,0
https://wellsfargo.com/services?page=21,0
http://microsoft.com/support,0
http://apple.com/pricing,0
https://instagram.com/support,0
https://medium.com/pricing,0
https://paypal.com/help,0
https://cnn.com/services,0
https://amazon.com/index.html,0
https://linkedin.com/products,0
https://instagram.com/support,0
https://bankofamerica.com/products,0
https://walmart.com/support,0
https://amazon.com/home?page=11,0
https://apple.com/contact,0
https://target.com/profile,0
https://stackoverflow.com/products,0
https://linkedin.com/faq,0
https://theguardian.com/settings,0
https://linkedin.com/services?page=48,0
https://target.com/settings,0
https://bbc.com/dashboard,0
https://shopify.com/api/v1/users,0
https://paypal.com/,0
https://twitter.com/services?page=83,0
https://amazon.com/blog,0
https://google.com/login,0
https://instagram.com/settings?page=50,0
https://youtube.com/products,0
https://youtube.com/pricing,0
https://wikipedia.org/help,0
https://bestbuy.com/signup?page=67,0
https://cnn.com/home,0
https://nytimes.com/api/v1/users?page=60,0
https://target.com/about,0
https://theguardian.com/login,0
https://twitter.com/faq,0
https://bestbuy.com/services,0
https://bankofamerica.com/contact?page=87,0
https://github.com/services?page=68,0
https://bankofamerica.com/pricing,0
https://linkedin.com/blog?page=50,0
https://bbc.com/index.html,0
https://ebay.com/profile,0
http://walmart.com/products,0
https://instagram.com/faq,0
https://twitter.com/blog?page=68,0
https://target.com/support,0
http://bestbuy.com/api/v1/users?page=85,0
https://paypal.com/contact,0
https://medium.com/faq?page=19,0
https://theguardian.com/pricing,0
https://amazon.com/signup?page=49,0
https://cnn.com/index.html,0
https://wikipedia.org/faq,0
http://cnn.com/blog,0
https://walmart.com/home,0
https://shopify.com/settings,0
https://twitter.com/index.html?page=90,0
https://ebay.com/api/v1/users,0
https://google.com/products,0
http://nytimes.com/support,0
https://target.com/news,0
https://bbc.com/help,0
https://bankofamerica.com/products,0
http://chase.com/signup,0
https://ebay.com/,0
https://nytimes.com/dashboard?page=45,0
https://stackoverflow.com/search,0
https://shopify.com/contact,0
https://instagram.com/index.html,0
https://walmart.com/dashboard,0
https://theguardian.com/help,0
https://youtube.com/products,0
https://youtube.com/index.html?page=19,0
https://reddit.com/api/v1/users,0
https://stackoverflow.com/products?page=41,0
https://chase.com,0
https://instagram.com/support,0
https://youtube.com/settings,0
https://github.com/support,0
https://linkedin.com/index.html,0
https://wikipedia.org/settings,0
https://ebay.com/blog?page=3,0
https://youtube.com/blog,0
https://stackoverflow.com/api/v1/users,0
https://wellsfargo.com/contact,0
https://bbc.com/signup,0
http://shopify.com/pricing,0
https://paypal.com/contact,0
https://netflix.com/api/v1/users,0
https://stackoverflow.com/services?page=73,0
http://chase.com/profile,0
https://bankofamerica.com/signup,0
https://youtube.com/api/v1/users,0
https://instagram.com/blog,0
https://youtube.com/support,0
https://medium.com/pricing,0
https://amazon.com/,0
https://nytimes.com/search,0
http://nytimes.com/signup,0
https://target.com/contact,0
https://twitter.com/support,0
https://target.com/help,0
https://medium.com/pricing,0
http://chase.com/login,0
https://twitter.com/services,0
https://youtube.com/services,0
https://ebay.com/products?page=43,0
https://github.com/,0
https://theguardian.com/services,0
https://chase.com/news?page=64,0
https://github.com/signup,0
https://amazon.com/about,0
http://instagram.com/support,0
https://bbc.com/contact,0
https://linkedin.com,0
https://wellsfargo.com/profile,0
https://bankofamerica.com/faq,0
https://walmart.com/faq,0
https://google.com/about,0
https://paypal.com/faq,0
https://chase.com/login,0
https://shopify.com/news,0
https://cnn.com,0
https://wikipedia.org/services,0
https://instagram.com/news,0
https://netflix.com/signup?page=2,0
https://github.com/blog,0
https://amazon.com/pricing,0
https://nytimes.com/dashboard,0
https://wikipedia.org/services,0
https://bankofamerica.com/blog,0
https://shopify.com/settings,0
https://stackoverflow.com/support,0
https://walmart.com/services,0
https://youtube.com/pricing?page=1,0
https://netflix.com/home,0
https://reddit.com/,0
https://bestbuy.com/settings,0
https://bbc.com,0
https://apple.com/login,0
http://microsoft.com/signup?page=26,0
https://target.com/blog,0
https://instagram.com/blog?page=67,0
https://google.com/signup,0
https://amazon.com/search?page=85,0
https://paypal.com/signup,0
https://paypal.com/dashboard,0
https://microsoft.com/blog,0
https://linkedin.com/index.html,0
http://stackoverflow.com/about,0
https://nytimes.com/index.html,0
https://linkedin.com/pricing,0
https://youtube.com/blog?page=40,0
https://apple.com/login,0
https://google.com/search?page=38,0
https://amazon.com/help,0
https://wikipedia.org/help,0
https://chase.com/search,0
https://shopify.com/api/v1/users,0
http://theguardian.com/,0
https://netflix.com/contact,0
http://bankofamerica.com/blog?page=31,0
https://bestbuy.com/signup,0
https://cnn.com/faq,0
https://wellsfargo.com/support,0
https://nytimes.com/blog?page=32,0
https://cnn.com/support,0
https://target.com/faq,0
https://reddit.com/profile,0
https://netflix.com/dashboard,0
https://bbc.com/login,0
http://cnn.com/support,0
https://nytimes.com/support?page=19,0
https://reddit.com/blog,0
https://youtube.com/signup,0
https://bbc.com/api/v1/users,0
https://linkedin.com/products,0
https://facebook.com/services,0
http://reddit.com/profile,0
https://bestbuy.com,0
https://bestbuy.com/index.html,0
https://wikipedia.org/search?page=85,0
https://paypal.com/index.html,0
https://apple.com/settings,0
https://medium.com/login?page=79,0
https://cnn.com?page=84,0
https://wikipedia.org/login,0
http://medium.com?page=51,0
https://stackoverflow.com/dashboard,0
http://walmart.com/api/v1/users,0
https://bankofamerica.com/search,0
https://medium.com/profile,0
https://wellsfargo.com/settings,0
https://apple.com/signup,0
https://bbc.com/faq?page=68,0
https://youtube.com/blog?page=52,0
https://apple.com/dashboard?page=71,0
https://amazon.com/settings,0
https://wellsfargo.com/blog,0
https://nytimes.com/about,0
https://theguardian.com/home,0
https://medium.com/support,0
https://linkedin.com/news?page=56,0
https://wellsfargo.com/contact,0
https://github.com/dashboard,0
https://github.com?page=24,0
https://nytimes.com/services,0
https://ebay.com/login,0
http://nytimes.com/login,0
https://reddit.com/,0
https://google.com/products,0
https://medium.com/login?page=66,0
https://nytimes.com/about,0
https://cnn.com,0
https://stackoverflow.com/dashboard,0
https://github.com/settings,0
https://walmart.com/api/v1/users,0
https://bankofamerica.com/home,0
http://bbc.com/about,0
https://apple.com/pricing,0
https://walmart.com/dashboard,0
https://paypal.com/api/v1/users?page=29,0
http://youtube.com/dashboard?page=91,0
https://youtube.com/pricing,0
https://wikipedia.org/dashboard,0
http://instagram.com/api/v1/users,0
https://twitter.com/login,0
https://walmart.com/blog,0
https://chase.com/home,0
https://microsoft.com/news,0
https://amazon.com/,0
https://facebook.com/login,0
http://bestbuy.com/api/v1/users,0
http://medium.com/blog?page=66,0
https://reddit.com/profile?page=38,0
https://walmart.com/dashboard,0
https://chase.com,0
https://wikipedia.org/settings,0
https://stackoverflow.com/home,0
https://google.com/about,0
https://nytimes.com/pricing?page=51,0
http://youtube.com/pricing,0
https://nytimes.com/blog,0
https://theguardian.com,0
https://github.com/dashboard,0
https://twitter.com/news,0
http://nytimes.com?page=19,0
https://cnn.com/news,0
https://bestbuy.com/settings,0
https://target.com/help,0
https://bestbuy.com/blog,0
https://stackoverflow.com/api/v1/users,0
https://nytimes.com/contact,0
https://amazon.com,0
https://github.com/api/v1/users,0
https://ebay.com/blog,0
https://theguardian.com/products?page=3,0
https://reddit.com/dashboard,0
https://medium.com/pricing,0
https://bbc.com/dashboard,0
https://reddit.com/dashboard,0
https://reddit.com/support,0
https://bbc.com/contact,0
https://stackoverflow.com/services?page=25,0
https://stackoverflow.com/help?page=2,0
https://google.com/faq,0
https://apple.com/api/v1/users,0
https://instagram.com/search,0
https://twitter.com/contact?page=72,0
https://stackoverflow.com/about,0
https://amazon.com/about,0
https://youtube.com/search,0
https://target.com/?page=34,0
https://amazon.com/home,0
https://instagram.com/help,0
http://youtube.com/news?page=15,0
https://chase.com?page=92,0
https://youtube.com/profile?page=15,0
https://cnn.com/index.html,0
http://bestbuy.com,0
https://theguardian.com/profile,0
https://facebook.com/home,0
https://ebay.com/dashboard,0
https://bbc.com/dashboard?page=26,0
https://medium.com/api/v1/users,0
http://wellsfargo.com,0
https://nytimes.com/about,0
https://medium.com/,0
https://github.com/,0
https://theguardian.com/blog,0
https://microsoft.com/faq,0
https://instagram.com/,0
https://wellsfargo.com/login,0
https://theguardian.com/index.html,0
https://medium.com/help,0
https://apple.com/login?page=36,0
https://theguardian.com/profile,0
https://wikipedia.org/signup,0
https://github.com/index.html,0
https://cnn.com/dashboard?page=22,0
https://wellsfargo.com/about,0
https://paypal.com/news,0
https://instagram.com/profile,0
https://apple.com,0
https://apple.com/settings,0
https://stackoverflow.com/settings,0
https://bankofamerica.com/signup,0
https://bestbuy.com/home?page=42,0
https://amazon.com/products,0
http://bbc.com/api/v1/users,0
https://microsoft.com/login,0
https://wellsfargo.com/,0
https://netflix.com/settings,0
https://ebay.com/faq?page=17,0
https://wikipedia.org/blog,0
https://nytimes.com/dashboard,0
https://cnn.com/search,0
https://medium.com/services,0
https://twitter.com/login?page=85,0
https://stackoverflow.com/home,0
https://apple.com/settings?page=47,0
https://microsoft.com,0
https://github.com/profile,0
https://chase.com/api/v1/users,0
http://wellsfargo.com/signup,0
https://google.com/services?page=45,0
https://youtube.com/pricing?page=93,0
https://instagram.com/help,0
https://theguardian.com/settings,0
http://paypal.com/home,0
https://bbc.com/products?page=56,0
https://youtube.com/,0
https://walmart.com/support,0
http://bestbuy.com/blog,0
https://medium.com/help,0
https://walmart.com/dashboard?page=16,0
https://wikipedia.org/contact,0
https://wikipedia.org/blog?page=12,0
https://shopify.com/news,0
http://bbc.com/help?page=9,0
https://cnn.com/search,0
https://netflix.com/blog,0
https://cnn.com/blog,0
https://reddit.com/products?page=51,0
https://wikipedia.org/profile,0
https://theguardian.com/login?page=32,0
https://twitter.com,0
https://google.com/support,0
https://netflix.com/blog,0
https://wellsfargo.com/contact?page=6,0
https://bankofamerica.com/help,0
https://bbc.com/faq,0
https://github.com/profile,0
https://apple.com/help?page=68,0
https://theguardian.com/faq,0
https://twitter.com/news,0
https://facebook.com/home,0
https://cnn.com/support,0
https://target.com/about,0
https://google.com/home,0
https://nytimes.com/pricing,0
https://facebook.com/login,0
https://cnn.com/services?page=23,0
https://reddit.com/settings,0
https://github.com/help,0
https://github.com/home,0
https://linkedin.com/profile,0
https://netflix.com/profile,0
https://nytimes.com/products,0
http://chase.com/index.html,0
http://google.com/index.html,0
https://reddit.com/login,0
https://netflix.com/settings?page=82,0
https://bankofamerica.com/news,0
https://cnn.com/search,0
https://linkedin.com/faq,0
https://twitter.com/,0
https://medium.com,0
http://target.com/home,0
http://nytimes.com/about,0
https://theguardian.com/profile,0
https://instagram.com/blog,0
https://microsoft.com/api/v1/users?page=51,0
https://facebook.com/services?page=33,0
https://linkedin.com/help,0
https://walmart.com,0
https://netflix.com/faq,0
https://bbc.com/search,0
https://target.com/dashboard,0
https://bankofamerica.com/services?page=90,0
https://bankofamerica.com/blog,0
https://apple.com,0
https://netflix.com/api/v1/users,0
http://chase.com/signup,0
https://medium.com/products,0
https://instagram.com/services?page=19,0
http://cnn.com/contact?page=63,0
http://paypal.com/pricing,0
http://wikipedia.org/,0
https://target.com/support,0
https://medium.com/api/v1/users,0
https://apple.com/,0
http://linkedin.com,0
https://ebay.com/signup?page=13,0
http://wellsfargo.com/help?page=4,0
https://chase.com,0
https://paypal.com/support?page=92,0
http://microsoft.com/search,0
https://microsoft.com/blog,0
https://google.com/index.html?page=16,0
https://ebay.com/contact,0
https://stackoverflow.com/news?page=67,0
https://ebay.com/api/v1/users,0
https://bbc.com,0
https://bestbuy.com/about?page=98,0
https://stackoverflow.com/support,0
https://wellsfargo.com/profile,0
https://cnn.com/settings,0
https://ebay.com/products,0
https://wellsfargo.com/about,0
https://apple.com?page=29,0
https://medium.com/about,0
http://nytimes.com/signup,0
https://shopify.com/login,0
https://youtube.com/services,0
https://target.com/products,0
https://apple.com/pricing?page=14,0
https://twitter.com/login,0
https://twitter.com/index.html,0
https://walmart.com/pricing,0
https://wellsfargo.com/login?page=53,0
https://nytimes.com/,0
https://github.com/,0
https://github.com/blog,0
https://netflix.com/blog,0
https://youtube.com/index.html,0
https://instagram.com/api/v1/users,0
https://apple.com/products,0
https://nytimes.com/login,0
https://wikipedia.org/login,0
http://amazon.com/api/v1/users?page=70,0
https://netflix.com/dashboard?page=86,0
https://twitter.com/blog,0
http://google.com/blog,0
https://cnn.com?page=56,0
https://wellsfargo.com/api/v1/users,0
https://amazon.com/support,0
https://microsoft.com/profile?page=82,0
https://bbc.com/,0
http://chase.com/search,0
https://medium.com/signup,0
https://microsoft.com/api/v1/users?page=88,0
https://google.com/pricing,0
https://target.com/blog,0
https://youtube.com/support,0
https://cnn.com/index.html,0
https://github.com/api/v1/users?page=45,0
https://microsoft.com?page=23,0
https://instagram.com/news,0
https://google.com/signup,0
https://reddit.com/profile?page=8,0
https://bestbuy.com/signup,0
http://chase.com/search?page=15,0
https://youtube.com/contact,0
https://shopify.com/?page=66,0
https://wikipedia.org/profile,0
https://wellsfargo.com/contact?page=43,0
https://reddit.com/dashboard,0
https://chase.com/dashboard,0
https://ebay.com/signup,0
https://google.com/help,0
https://instagram.com/about,0
https://ebay.com/index.html,0
https://reddit.com/signup?page=29,0
https://chase.com/dashboard?page=42,0
https://netflix.com/,0
https://ebay.com/,0
https://microsoft.com/products,0
https://microsoft.com/profile,0
https://bbc.com/,0
https://reddit.com/help?page=49,0
https://paypal.com/login,0
https://cnn.com/index.html?page=12,0
https://theguardian.com/support?page=93,0
https://twitter.com/settings,0
https://facebook.com/services,0
http://bbc.com/support,0
https://cnn.com/index.html,0
https://target.com/blog?page=87,0
https://google.com/about,0
https://target.com/login?page=20,0
https://netflix.com/index.html,0
https://google.com/about,0
https://ebay.com/pricing,0
https://apple.com/index.html?page=26,0
https://amazon.com/signup,0
https://wellsfargo.com/settings,0
https://amazon.com/support,0
http://medium.com/support,0
https://google.com/blog?page=52,0
https://target.com/support,0
https://bestbuy.com/services,0
https://instagram.com/login?page=29,0
https://youtube.com/news,0
https://bankofamerica.com/contact,0
https://target.com/products,0
https://stackoverflow.com/support?page=47,0
https://cnn.com/profile,0
https://target.com/faq?page=49,0
https://theguardian.com/pricing?page=50,0
https://paypal.com/dashboard,0
https://ebay.com/support?page=53,0
http://ebay.com/services?page=26,0
http://walmart.com/,0
https://paypal.com/signup,0
https://reddit.com/help,0
https://youtube.com/signup,0
https://twitter.com/profile,0
https://paypal.com/services?page=64,0
https://bestbuy.com/home,0
https://instagram.com/login,0
https://ebay.com/support?page=57,0
https://bbc.com/home,0
https://chase.com?page=51,0
https://netflix.com/profile,0
https://theguardian.com/dashboard,0
https://medium.com/login,0
http://netflix.com/search,0
https://target.com/api/v1/users,0
https://ebay.com/index.html,0
https://reddit.com/api/v1/users?page=54,0
https://wikipedia.org/api/v1/users,0
https://target.com/contact,0
https://twitter.com/faq,0
https://theguardian.com/login?page=7,0
https://microsoft.com/index.html,0
https://youtube.com/,0
https://netflix.com/about,0
https://stackoverflow.com/index.html?page=68,0
https://theguardian.com/pricing,0
https://facebook.com/profile,0
https://microsoft.com/contact,0
http://paypal.com/,0
https://facebook.com/dashboard,0
https://twitter.com/signup,0
https://wikipedia.org/search?page=20,0
https://reddit.com/profile?page=26,0
https://reddit.com/products,0
https://netflix.com/contact?page=92,0
https://bankofamerica.com/blog?page=62,0
https://bbc.com/blog,0
https://wikipedia.org/api/v1/users,0
http://walmart.com/contact,0
https://nytimes.com/blog?page=42,0
https://bestbuy.com/index.html,0
https://reddit.com/signup,0
http://bankofamerica.com/faq,0
http://microsoft.com/login,0
https://reddit.com/services,0
http://wikipedia.org/contact,0
http://bestbuy.com/contact,0
https://twitter.com/api/v1/users,0
https://google.com/help,0
https://wellsfargo.com/,0
https://nytimes.com/profile,0
http://shopify.com/about,0
https://instagram.com/signup,0
https://chase.com/products,0
https://google.com/api/v1/users,0
https://youtube.com/services?page=34,0
https://nytimes.com,0
https://bestbuy.com/about,0
https://ebay.com?page=65,0
https://nytimes.com/blog,0
https://google.com/settings,0
https://youtube.com/services?page=19,0
http://reddit.com/login,0
https://reddit.com/products,0
https://wellsfargo.com/products?page=13,0
https://wikipedia.org/search,0
http://wikipedia.org/contact,0
https://reddit.com/index.html,0
https://youtube.com/news,0
https://walmart.com/profile?page=45,0
https://bbc.com/help?page=9,0
https://paypal.com,0
https://apple.com/blog,0
http://shopify.com/help?page=51,0
https://stackoverflow.com/dashboard,0
https://google.com/contact,0
http://microsoft.com/faq,0
http://wikipedia.org/dashboard,0
https://shopify.com/settings,0
https://wikipedia.org/news,0
https://stackoverflow.com/index.html,0
https://reddit.com/contact,0
http://shopify.com/about,0
https://linkedin.com/services,0
https://wikipedia.org/dashboard,0
https://wellsfargo.com/news?page=71,0
http://github.com/support,0
https://netflix.com/contact?page=44,0
https://ebay.com?page=49,0
https://target.com/login,0
https://google.com/login,0
https://amazon.com/pricing,0
https://chase.com/search,0
https://walmart.com/home,0
http://nytimes.com/login,0
https://github.com/signup,0
https://reddit.com/contact,0
https://theguardian.com/products,0
http://reddit.com/,0
https://theguardian.com/faq,0
https://shopify.com/contact,0
https://twitter.com/home,0
https://shopify.com/contact,0
https://bbc.com/news,0
http://theguardian.com/support,0
https://microsoft.com,0
https://medium.com/index.html?page=77,0
https://bankofamerica.com/services,0
https://twitter.com/support,0
https://amazon.com/home,0
https://google.com/faq?page=35,0
https://bbc.com/help?page=49,0
https://twitter.com/login,0
https://bestbuy.com/api/v1/users,0
http://github.com,0
https://chase.com/login,0
https://youtube.com/help,0
https://bbc.com/contact,0
https://walmart.com/dashboard,0
https://github.com/blog,0
http://facebook.com/services,0
https://target.com/blog?page=92,0
https://chase.com/login,0
https://chase.com/products,0
https://netflix.com/index.html,0
https://chase.com/help,0
https://netflix.com/blog,0
https://reddit.com/contact,0
https://ebay.com/signup,0
https://chase.com/about?page=86,0
https://target.com/support,0
https://apple.com/help,0
https://walmart.com/about,0
https://wikipedia.org/pricing,0
https://microsoft.com/blog,0
https://nytimes.com,0
https://shopify.com/settings,0
https://youtube.com/contact,0
https://facebook.com/services,0
https://medium.com/blog,0
https://bbc.com/help,0
https://amazon.com/faq,0
https://instagram.com/about?page=30,0
https://bestbuy.com/news?page=7,0
https://walmart.com/support,0
https://github.com/products,0
https://linkedin.com/faq?page=33,0
https://amazon.com/contact,0
https://twitter.com/api/v1/users,0
https://shopify.com/support,0
https://bbc.com/index.html,0
https://apple.com/services,0
http://youtube.com/products,0
https://wellsfargo.com/index.html,0
https://chase.com/settings,0
https://google.com/pricing,0
https://amazon.com/contact?page=75,0
https://ebay.com/news,0
https://wikipedia.org/?page=75,0
https://shopify.com/blog,0
https://nytimes.com/blog,0
https://nytimes.com/news,0
https://medium.com?page=90,0
http://bankofamerica.com/pricing,0
https://instagram.com/settings?page=77,0
https://microsoft.com/about,0
https://youtube.com/login,0
https://bankofamerica.com/faq,0
https://walmart.com/contact,0
https://bestbuy.com/about,0
https://bankofamerica.com/support,0
https://youtube.com/,0
https://stackoverflow.com/profile,0
https://youtube.com/settings,0
https://google.com/index.html,0
https://wikipedia.org/about?page=62,0
https://amazon.com/index.html,0
https://reddit.com,0
https://wellsfargo.com/,0
https://paypal.com/search,0
https://target.com/search,0
https://paypal.com,0
https://stackoverflow.com/signup,0
https://cnn.com/api/v1/users,0
https://target.com/dashboard?page=69,0
https://target.com/search?page=67,0
https://theguardian.com/services?page=94,0
https://medium.com/home,0
https://google.com/support?page=82,0
https://google.com/contact,0
https://reddit.com/api/v1/users?page=88,0
https://bankofamerica.com/products,0
https://google.com/search,0
https://reddit.com/home?page=81,0
https://apple.com/settings,0
https://youtube.com/home,0
https://target.com/api/v1/users,0
https://microsoft.com/search?page=17,0
https://bankofamerica.com/help,0
https://theguardian.com/settings,0
https://cnn.com/home,0
https://amazon.com/index.html,0
https://linkedin.com/help,0
https://amazon.com,0
https://walmart.com/dashboard,0
https://paypal.com/faq,0
https://theguardian.com/pricing?page=84,0
https://youtube.com/faq,0
https://bbc.com/news?page=77,0
https://wikipedia.org/pricing,0
https://bestbuy.com/pricing,0
https://wellsfargo.com/support,0
https://bestbuy.com/products,0
https://google.com/?page=70,0
https://microsoft.com/dashboard,0
https://paypal.com/,0
http://wikipedia.org/faq,0
https://nytimes.com/index.html,0
https://wikipedia.org/settings,0
https://ebay.com/api/v1/users,0
https://netflix.com/dashboard,0
https://bbc.com/pricing,0
https://wikipedia.org/about,0
https://twitter.com/profile,0
https://cnn.com/api/v1/users,0
https://wellsfargo.com/blog,0
https://cnn.com/search,0
https://wikipedia.org/contact?page=19,0
https://bankofamerica.com,0
http://reddit.com/blog,0
https://google.com/contact,0
http://ebay.com/profile,0
https://medium.com/search,0
https://google.com/signup,0
http://reddit.com/index.html,0
https://nytimes.com/,0
http://bankofamerica.com/faq,0
https://paypal.com/dashboard?page=82,0
https://nytimes.com/services?page=1,0
http://apple.com/login?page=20,0
https://instagram.com/faq,0
https://bestbuy.com/faq,0
https://youtube.com/api/v1/users,0
https://paypal.com/about,0
https://twitter.com/search,0
https://netflix.com/,0
https://youtube.com/faq?page=22,0
https://walmart.com/api/v1/users,0
https://cnn.com/pricing,0
https://wikipedia.org/support,0
http://wellsfargo.com/help,0
https://bbc.com/services,0
https://microsoft.com?page=79,0
https://cnn.com/services,0
https://medium.com/faq,0
https://github.com/services?page=76,0
https://medium.com/index.html?page=11,0
https://microsoft.com/login,0
https://facebook.com/?page=82,0
https://twitter.com/help?page=16,0
https://stackoverflow.com/blog,0
https://ebay.com/products?page=96,0
https://paypal.com/help,0
https://apple.com/services,0
https://google.com/index.html,0
https://walmart.com/dashboard,0
http://cnn.com/,0
https://walmart.com/services,0
https://bankofamerica.com/news,0
https://amazon.com/services?page=19,0
https://bestbuy.com/services,0
https://chase.com/search,0
https://stackoverflow.com/about,0
https://bankofamerica.com/login?page=28,0
https://bestbuy.com/blog?page=39,0
http://google.com/pricing,0
https://chase.com/about,0
https://google.com/services?page=94,0
https://medium.com/support,0
https://bbc.com/dashboard?page=13,0
https://microsoft.com/signup,0
https://netflix.com/pricing,0
https://instagram.com/news,0
https://twitter.com/signup,0
https://nytimes.com/?page=43,0
https://wikipedia.org/settings,0
https://walmart.com/pricing,0
https://linkedin.com/profile,0
https://walmart.com/news,0
https://microsoft.com/services,0
https://facebook.com/about,0
https://netflix.com/support,0
https://target.com/support,0
https://bbc.com/home?page=85,0
http://chase.com/support?page=89,0
https://apple.com/login,0
https://netflix.com/search,0
https://apple.com/contact,0
https://apple.com/signup,0
https://target.com/services,0
https://linkedin.com/contact?page=71,0
http://youtube.com/contact,0
http://theguardian.com/services,0
https://instagram.com/faq,0
http://google.com/api/v1/users,0
https://cnn.com/signup,0
https://ebay.com,0
http://facebook.com/api/v1/users,0
https://microsoft.com/about,0
https://wikipedia.org/blog,0
https://ebay.com/pricing,0
https://netflix.com/services,0
https://shopify.com/,0
https://paypal.com/profile,0
https://target.com/products,0
https://wellsfargo.com/products?page=16,0
https://linkedin.com/login,0
https://youtube.com/help,0
https://wellsfargo.com/services,0
https://stackoverflow.com/settings,0
https://nytimes.com/help,0
https://theguardian.com/api/v1/users?page=30,0
https://theguardian.com/faq,0
https://github.com/help?page=37,0
https://bbc.com/profile?page=91,0
https://wellsfargo.com/support,0
https://apple.com/support,0
https://bbc.com/login,0
https://github.com/blog,0
https://theguardian.com/contact,0
https://netflix.com/blog,0
https://youtube.com/news?page=38,0
https://microsoft.com/pricing,0
https://linkedin.com/index.html?page=80,0
https://cnn.com/services,0
https://microsoft.com/services?page=1,0
https://walmart.com/profile,0
http://amazon.com/faq,0
https://nytimes.com/,0
https://bestbuy.com/pricing,0
https://stackoverflow.com/settings,0
https://cnn.com/pricing,0
https://walmart.com/news,0
https://apple.com/api/v1/users,0
https://linkedin.com/news,0
https://wikipedia.org/home,0
https://cnn.com/support,0
https://cnn.com/pricing,0
https://walmart.com/settings,0
https://medium.com/contact,0
https://walmart.com/,0
https://bestbuy.com/services,0
https://ebay.com/faq,0
https://twitter.com/support,0
https://wellsfargo.com/login,0
https://theguardian.com/pricing,0
https://github.com/index.html,0
https://apple.com/index.html,0
https://amazon.com/home,0
https://microsoft.com/dashboard,0
https://theguardian.com/blog,0
https://shopify.com/signup,0
https://github.com/profile,0
https://linkedin.com/settings,0
http://apple.com/index.html?page=79,0
https://microsoft.com/news,0
https://walmart.com/services,0
https://stackoverflow.com/dashboard,0
https://bankofamerica.com/?page=13,0
https://instagram.com/contact?page=23,0
https://cnn.com/support,0
https://reddit.com/profile,0
https://github.com/dashboard?page=30,0
https://theguardian.com/pricing,0
http://cnn.com/support?page=33,0
https://microsoft.com/support,0
https://bankofamerica.com/dashboard,0
https://nytimes.com/news,0
http://ebay.com/pricing,0
https://shopify.com/faq,0
https://microsoft.com/api/v1/users,0
https://microsoft.com/faq,0
http://github.com/news,0
http://bankofamerica.com/contact,0
https://microsoft.com/home?page=63,0
https://netflix.com/services,0
https://youtube.com/products,0
https://linkedin.com/help,0
https://bankofamerica.com/contact,0
https://google.com/news,0
https://wikipedia.org/signup,0
https://github.com/settings,0
https://reddit.com,0
https://nytimes.com/profile,0
https://reddit.com/about,0
https://twitter.com/profile,0
https://amazon.com/index.html?page=16,0
https://youtube.com/services,0
http://linkedin.com/faq,0
https://bankofamerica.com/home,0
https://wellsfargo.com/api/v1/users,0
https://shopify.com/support,0
https://cnn.com/index.html,0
https://reddit.com,0
https://nytimes.com/blog,0
https://paypal.com/search,0
https://paypal.com/help,0
https://netflix.com/settings,0
https://reddit.com/support,0
https://reddit.com/dashboard,0
https://apple.com/news,0
https://wellsfargo.com?page=13,0
https://nytimes.com/help,0
https://bestbuy.com/,0
https://bankofamerica.com/login,0
https://nytimes.com/dashboard,0
https://netflix.com/help?page=34,0
http://instagram.com/pricing?page=55,0
https://wikipedia.org/index.html,0
https://walmart.com/about,0
https://twitter.com/blog,0
https://facebook.com/profile,0
https://theguardian.com/help?page=77,0
https://apple.com/blog?page=62,0
https://github.com/services,0
https://cnn.com/faq,0
https://facebook.com/services,0
https://apple.com/dashboard,0
http://paypal.com/profile,0
https://target.com/search?page=50,0
https://theguardian.com/faq?page=36,0
https://microsoft.com/contact,0
https://nytimes.com/contact,0
https://microsoft.com/contact,0
https://twitter.com/about,0
https://cnn.com/help,0
https://wellsfargo.com/news,0
https://github.com/about?page=41,0
https://shopify.com/news,0
https://instagram.com/products,0
https://microsoft.com/profile,0
https://bestbuy.com/contact?page=78,0
https://wikipedia.org/products?page=28,0
https://nytimes.com/support?page=52,0
https://bankofamerica.com/index.html,0
https://apple.com/settings?page=61,0
https://github.com/signup,0
https://facebook.com/services,0
https://wellsfargo.com/faq,0
https://amazon.com/support?page=94,0
https://reddit.com/dashboard,0
https://bbc.com/signup,0
http://shopify.com/home,0
https://nytimes.com/index.html,0
https://wikipedia.org/dashboard,0
https://ebay.com/news,0
https://twitter.com/faq,0
https://google.com/search?page=36,0
https://chase.com/help?page=82,0
https://linkedin.com/contact,0
https://bankofamerica.com/pricing?page=55,0
https://paypal.com/help,0
http://amazon.com/blog,0
https://instagram.com/about?page=64,0
https://target.com/dashboard?page=78,0
https://wellsfargo.com/blog?page=18,0
https://netflix.com?page=23,0
https://google.com/pricing,0
https://wikipedia.org/settings?page=80,0
https://bbc.com/blog?page=23,0
https://twitter.com/api/v1/users,0
https://target.com/blog?page=98,0
https://linkedin.com/support?page=89,0
https://ebay.com/services,0
https://paypal.com,0
http://wellsfargo.com/index.html,0
https://nytimes.com/?page=78,0
http://apple.com/login,0
https://ebay.com/about,0
https://bestbuy.com/pricing?page=57,0
https://bestbuy.com/dashboard,0
https://apple.com/faq,0
https://stackoverflow.com/support,0
https://chase.com/pricing,0
https://instagram.com/login,0
http://twitter.com/faq,0
https://chase.com/index.html,0
http://instagram.com/home,0
https://netflix.com/news,0
https://ebay.com/dashboard?page=94,0
http://youtube.com/index.html?page=81,0
https://bestbuy.com/products,0
https://github.com/help?page=92,0
https://facebook.com/,0
https://microsoft.com/services,0
https://bbc.com/services,0
http://youtube.com/services,0
https://nytimes.com/login,0
https://facebook.com/,0
https://chase.com,0
https://bestbuy.com/help,0
https://twitter.com/pricing,0
https://linkedin.com/login?page=58,0
https://apple.com/support,0
https://wellsfargo.com/profile,0
https://github.com/faq,0
https://wikipedia.org/dashboard,0
https://amazon.com/blog,0
https://facebook.com/support?page=65,0
https://wellsfargo.com/settings,0
https://theguardian.com/profile,0
https://stackoverflow.com/settings?page=19,0
https://amazon.com/signup,0
https://shopify.com/faq?page=60,0
https://twitter.com/profile,0
https://target.com/about,0
https://bankofamerica.com/search,0
https://youtube.com/about,0
https://theguardian.com/home,0
https://ebay.com/home,0
https://facebook.com/api/v1/users,0
https://google.com/dashboard?page=75,0
https://microsoft.com/blog,0
https://twitter.com/products,0
https://reddit.com/about,0
https://github.com/search,0
https://youtube.com/,0
https://amazon.com/about,0
https://theguardian.com/news,0
https://github.com/news,0
https://bestbuy.com/login,0
https://amazon.com/pricing?page=48,0
https://instagram.com/settings,0
https://ebay.com/,0
https://wellsfargo.com/profile,0
https://wellsfargo.com/settings,0
https://youtube.com/index.html?page=91,0
https://shopify.com/faq?page=34,0
https://amazon.com/news,0
https://cnn.com/signup,0
https://github.com/settings,0
https://theguardian.com/home,0
https://twitter.com/services,0
https://shopify.com/signup,0
http://reddit.com/help,0
https://google.com/,0
https://medium.com/index.html,0
https://bbc.com/home,0
https://medium.com/login,0
https://medium.com/home,0
https://linkedin.com/services,0
https://theguardian.com/services,0
https://google.com/faq,0
https://shopify.com,0
https://bestbuy.com/contact,0
https://nytimes.com/help,0
https://microsoft.com/,0
https://bestbuy.com/,0
https://theguardian.com/index.html,0
https://reddit.com/pricing,0
https://wellsfargo.com/index.html,0
https://bestbuy.com/blog?page=39,0
http://microsoft.com/about,0
https://apple.com/home,0
https://reddit.com/search,0
https://medium.com/support,0
https://theguardian.com/services,0
https://nytimes.com/blog,0
https://netflix.com/api/v1/users,0
https://youtube.com/support?page=99,0
http://linkedin.com/contact,0
https://wellsfargo.com/index.html,0
https://github.com/faq,0
https://shopify.com/dashboard,0
https://reddit.com/services?page=25,0
https://walmart.com/profile,0
https://bestbuy.com/services,0
http://wikipedia.org/index.html,0
https://paypal.com/profile,0
https://bankofamerica.com/home?page=5,0
https://linkedin.com/dashboard,0
https://bbc.com/news,0
https://bestbuy.com/api/v1/users,0
https://wellsfargo.com/,0
https://bestbuy.com/about,0
https://github.com/about?page=74,0
https://ebay.com/dashboard,0
https://medium.com,0
https://facebook.com/pricing,0
http://medium.com/help?page=8,0
http://microsoft.com/dashboard,0
https://wellsfargo.com/api/v1/users,0
https://wikipedia.org/login?page=84,0
https://ebay.com/pricing,0
https://cnn.com/,0
https://wellsfargo.com/support,0
https://stackoverflow.com/login?page=69,0
https://stackoverflow.com/contact,0
https://wellsfargo.com/products?page=34,0
https://netflix.com/services,0
https://theguardian.com/search,0
https://paypal.com/profile?page=56,0
https://bestbuy.com/products,0
https://twitter.com/contact,0
https://apple.com/about,0
https://chase.com/index.html,0
https://wikipedia.org/support,0
https://youtube.com/services,0
https://twitter.com/support,0
https://apple.com/contact?page=26,0
https://chase.com/products,0
https://wikipedia.org/index.html,0
https://apple.com/about,0
https://nytimes.com/login,0
https://github.com/about,0
https://theguardian.com/about,0
https://stackoverflow.com/about,0
https://bankofamerica.com/,0
https://stackoverflow.com/help,0
http://cnn.com/products?page=93,0
https://facebook.com/login?page=34,0
https://medium.com/home,0
https://medium.com/api/v1/users?page=64,0
https://target.com/blog,0
https://apple.com/contact,0
http://apple.com/support,0
https://walmart.com/search,0
https://wikipedia.org,0
https://paypal.com/signup?page=19,0
https://github.com/search,0
https://facebook.com/help,0
http://linkedin.com/support,0
http://chase.com/login,0
https://microsoft.com/signup?page=69,0
http://reddit.com/news?page=95,0
https://github.com/index.html,0
https://wikipedia.org/pricing,0
https://walmart.com/news,0
http://facebook.com/pricing,0
https://wellsfargo.com,0
https://bankofamerica.com/blog?page=23,0
https://youtube.com/blog?page=66,0
https://amazon.com,0
https://nytimes.com/login,0
https://reddit.com/?page=32,0
https://bestbuy.com/products,0
http://netflix.com/help,0
https://target.com/services,0
https://ebay.com/signup,0
http://target.com/pricing,0
https://facebook.com/services,0
https://bestbuy.com/news,0
https://stackoverflow.com,0
https://paypal.com?page=77,0
https://shopify.com/products,0
https://instagram.com/contact,0
https://instagram.com/home,0
https://github.com/settings?page=62,0
https://ebay.com/faq,0
http://linkedin.com/faq,0
https://facebook.com/dashboard,0
https://youtube.com/help,0
https://chase.com,0
https://netflix.com/dashboard,0
https://cnn.com/pricing,0
https://stackoverflow.com/home,0
https://shopify.com/home?page=12,0
http://twitter.com/profile?page=53,0
http://linkedin.com/services?page=27,0
https://medium.com/,0
http://cnn.com/dashboard,0
https://bestbuy.com/api/v1/users?page=20,0
https://bankofamerica.com/services,0
https://linkedin.com/services,0
https://target.com/news,0
https://stackoverflow.com/profile,0
http://wellsfargo.com/services,0
https://reddit.com/home,0
https://walmart.com/help,0
https://twitter.com/login,0
https://ebay.com/faq,0
https://wellsfargo.com/support,0
https://github.com/search,0
https://bankofamerica.com/pricing,0
http://stackoverflow.com/settings,0
https://instagram.com,0
https://amazon.com/profile?page=37,0
https://target.com/blog?page=88,0
https://stackoverflow.com/home,0
http://nytimes.com/,0
https://ebay.com/settings,0
https://microsoft.com/dashboard,0
https://medium.com/faq,0
https://bestbuy.com?page=68,0
https://netflix.com/support,0
https://wikipedia.org,0
https://paypal.com/api/v1/users,0
https://google.com/profile,0
https://cnn.com/news,0
https://twitter.com/index.html,0
http://paypal.com/news,0
https://paypal.com/search,0
https://google.com/blog,0
https://shopify.com/services,0
https://netflix.com/profile,0
https://stackoverflow.com/profile,0
https://paypal.com/faq,0
https://shopify.com/support?page=11,0
https://twitter.com/profile,0
https://wikipedia.org/faq,0
https://bbc.com/services?page=49,0
https://linkedin.com/profile?page=37,0
https://netflix.com/blog,0
https://twitter.com/services?page=18,0
https://microsoft.com/index.html,0
https://stackoverflow.com/faq?page=18,0
https://target.com/search,0
https://bbc.com/signup,0
https://linkedin.com/help,0
https://ebay.com/home,0
https://apple.com/search,0
https://chase.com/signup,0
https://twitter.com/settings,0
https://apple.com/search,0
https://github.com/,0
https://github.com/signup,0
https://nytimes.com/index.html,0
https://wellsfargo.com/api/v1/users,0
http://bbc.com/news?page=85,0
https://paypal.com/contact,0
http://walmart.com/api/v1/users,0
https://twitter.com/news,0
https://wellsfargo.com/contact,0
https://youtube.com/support?page=38,0
https://chase.com/dashboard,0
https://bbc.com/contact?page=5,0
https://microsoft.com/login,0
https://github.com/search?page=86,0
https://theguardian.com/products,0
https://instagram.com/dashboard,0
https://target.com/pricing,0
https://facebook.com/api/v1/users,0
https://stackoverflow.com/news?page=6,0
https://amazon.com/news,0
https://chase.com/login,0
http://github.com/about,0
https://shopify.com/faq?page=80,0
https://youtube.com/settings,0
https://ebay.com/services?page=8,0
https://netflix.com,0
https://paypal.com/about?page=2,0
https://facebook.com/index.html,0
https://theguardian.com/settings,0
https://stackoverflow.com/contact,0
https://youtube.com/signup,0
https://shopify.com/login,0
https://amazon.com/faq,0
https://chase.com/api/v1/users,0
https://shopify.com/help?page=75,0
https://target.com/login,0
https://wikipedia.org/help?page=72,0
https://shopify.com/about,0
https://wikipedia.org/products,0
http://wellsfargo.com/help,0
https://theguardian.com/profile?page=13,0
https://bankofamerica.com/profile,0
https://nytimes.com/support,0
https://wikipedia.org/login,0
https://cnn.com/about,0
https://ebay.com/pricing,0
https://bbc.com/settings,0
https://medium.com/help,0
https://bankofamerica.com/faq,0
http://twitter.com/faq,0
https://ebay.com/signup?page=17,0
https://github.com/login,0
https://paypal.com/home,0
http://wikipedia.org/blog,0
https://instagram.com/,0
https://google.com/profile,0
https://microsoft.com/settings,0
https://instagram.com/,0
http://bbc.com/contact,0
https://bankofamerica.com/products,0
https://apple.com/api/v1/users?page=46,0
https://walmart.com/api/v1/users,0
https://theguardian.com,0
https://wikipedia.org/home?page=50,0
https://chase.com,0
https://linkedin.com/support,0
https://medium.com/products?page=66,0
https://paypal.com/dashboard,0
https://instagram.com/home?page=56,0
https://bankofamerica.com/blog,0
https://target.com/pricing,0
https://wikipedia.org/help,0
https://apple.com/news?page=71,0
https://linkedin.com/home,0
http://theguardian.com/support,0
https://github.com/,0
https://youtube.com/login,0
https://youtube.com/products,0
https://github.com/products?page=34,0
https://netflix.com/products?page=89,0
https://linkedin.com/login,0
https://shopify.com/home,0
https://netflix.com/news,0
https://amazon.com/pricing,0
https://twitter.com/index.html,0
https://microsoft.com/signup,0
https://paypal.com/support?page=99,0
https://nytimes.com/faq,0
http://linkedin.com/products,0
http://twitter.com/blog,0
https://amazon.com/signup,0
https://facebook.com/api/v1/users,0
https://microsoft.com/index.html,0
https://facebook.com/help,0
https://cnn.com/news,0
https://github.com/api/v1/users?page=33,0
http://medium.com/pricing,0
https://github.com/services,0
https://bbc.com/,0
https://theguardian.com/contact,0
https://reddit.com/products,0
https://ebay.com/blog?page=33,0
https://youtube.com/search,0
https://walmart.com/home,0
https://amazon.com,0
http://paypal.com/pricing,0
https://reddit.com/faq?page=24,0
https://microsoft.com/contact,0
https://github.com/signup?page=87,0
https://twitter.com/faq,0
https://medium.com/search?page=58,0
https://shopify.com/search?page=21,0
https://reddit.com/contact?page=68,0
https://theguardian.com/,0
https://bestbuy.com/profile,0
https://medium.com/api/v1/users,0
https://instagram.com/search?page=74,0
https://github.com/profile,0
https://target.com/signup,0
https://cnn.com/products,0
https://wellsfargo.com/login,0
https://bbc.com/home,0
https://medium.com/login?page=9,0
https://microsoft.com/blog?page=33,0
https://wikipedia.org/pricing?page=64,0
https://wikipedia.org/search?page=27,0
http://ebay.com/about,0
http://medium.com/help,0
https://youtube.com/products,0
https://netflix.com/pricing,0
https://nytimes.com/dashboard,0
https://amazon.com/search,0
https://theguardian.com/settings,0
https://walmart.com/contact?page=1,0
https://cnn.com/api/v1/users?page=89,0
http://github.com/signup,0
https://walmart.com/profile,0
https://medium.com/api/v1/users,0
https://twitter.com/home?page=10,0
https://twitter.com/about,0
https://wellsfargo.com/news,0
https://ebay.com/support,0
http://nytimes.com/index.html,0
https://cnn.com/settings?page=16,0
https://wellsfargo.com/pricing,0
https://cnn.com/pricing,0
http://microsoft.com/blog,0
https://github.com/settings,0
https://stackoverflow.com/faq,0
https://reddit.com/signup,0
https://cnn.com/pricing,0
https://stackoverflow.com/about,0
https://bestbuy.com/pricing,0
https://google.com/support,0
https://chase.com/home,0
https://microsoft.com/faq,0
https://apple.com/profile,0
https://paypal.com/help,0
https://target.com/api/v1/users,0
https://shopify.com,0
http://target.com/index.html,0
https://paypal.com/api/v1/users?page=62,0
https://amazon.com/about?page=97,0
https://bestbuy.com/blog,0
https://google.com/home,0
https://twitter.com/news,0
https://cnn.com/help?page=28,0
https://amazon.com/support,0
https://apple.com/dashboard,0
https://reddit.com/api/v1/users,0
https://shopify.com/login,0
https://amazon.com/faq,0
https://ebay.com/contact,0
https://cnn.com/login,0
https://target.com/search,0
https://amazon.com/dashboard,0
https://instagram.com/products,0
https://bestbuy.com/api/v1/users?page=95,0
https://target.com/contact,0
https://bestbuy.com/support,0
https://google.com/pricing,0
https://bbc.com/search?page=69,0
https://netflix.com/pricing,0
https://github.com/news,0
https://bestbuy.com/home,0
https://cnn.com/support,0
https://paypal.com/dashboard,0
http://walmart.com/signup,0
https://nytimes.com/help?page=77,0
https://amazon.com/blog,0
https://theguardian.com/about,0
https://walmart.com/home,0
https://linkedin.com/pricing?page=84,0
http://amazon.com/services?page=24,0
http://apple.com/faq,0
https://reddit.com/pricing,0
https://netflix.com/help,0
https://wellsfargo.com/api/v1/users,0
https://medium.com/login,0
http://shopify.com/dashboard,0
https://netflix.com/login,0
https://bbc.com/about?page=78,0
https://microsoft.com/signup,0
https://google.com/contact,0
https://cnn.com/search,0
https://paypal.com/search?page=43,0
https://target.com/login,0
https://twitter.com/about,0
https://shopify.com/services,0
http://paypal.com/products,0
https://wikipedia.org/dashboard,0
https://medium.com/login?page=35,0
http://medium.com/settings,0
https://instagram.com/services,0
https://nytimes.com/news,0
https://instagram.com/search?page=48,0
https://bankofamerica.com/profile,0
https://apple.com/dashboard,0
https://google.com,0
http://bbc.com/contact,0
https://reddit.com/settings?page=98,0
http://apple.com/signup,0
https://walmart.com/profile,0
https://paypal.com/help?page=74,0
https://chase.com/help,0
https://bestbuy.com/dashboard,0
https://medium.com/home,0
https://bestbuy.com/help,0
http://nytimes.com/about,0
https://cnn.com/contact,0
https://reddit.com/profile,0
http://cnn.com/api/v1/users,0
https://chase.com/home,0
https://target.com/services,0
https://reddit.com/contact,0
https://shopify.com/profile?page=8,0
https://microsoft.com/login,0
http://microsoft.com/support,0
https://paypal.com/index.html,0
https://facebook.com/contact?page=54,0
http://wellsfargo.com/news?page=95,0
http://ebay.com/contact,0
https://bankofamerica.com/home,0
https://youtube.com/about,0
https://bbc.com/pricing,0
https://youtube.com/profile?page=23,0
https://facebook.com/settings,0
https://twitter.com/about,0
https://twitter.com/pricing,0
https://youtube.com/search,0
https://linkedin.com/index.html,0
http://microsoft.com/products,0
https://medium.com/news,0
https://netflix.com/home,0
https://twitter.com/products,0
http://reddit.com/settings,0
https://bbc.com/faq,0
https://chase.com/login,0
https://shopify.com/home?page=32,0
https://shopify.com/settings,0
http://cnn.com/login?page=29,0
https://bankofamerica.com/contact,0
https://nytimes.com/home,0
http://bestbuy.com/,0
https://facebook.com/services,0
https://walmart.com/settings,0
https://amazon.com/faq,0
https://cnn.com/blog,0
https://wellsfargo.com/api/v1/users,0
http://bankofamerica.com/pricing,0
https://amazon.com/home,0
https://linkedin.com/services,0
https://paypal.com/dashboard,0
https://bankofamerica.com/products,0
https://twitter.com/contact?page=45,0
http://linkedin.com/services,0
https://paypal.com/products?page=29,0
http://wikipedia.org/products,0
https://facebook.com?page=46,0
https://medium.com/help,0
https://cnn.com/contact,0
https://instagram.com/pricing,0
https://bbc.com/contact,0
https://bestbuy.com,0
https://wikipedia.org/api/v1/users,0
https://stackoverflow.com/faq?page=71,0
https://bestbuy.com/profile?page=32,0
https://cnn.com/support,0
https://bbc.com/products,0
https://github.com/home,0
https://bbc.com/settings,0
https://stackoverflow.com/profile,0
https://cnn.com/settings,0
https://chase.com/search,0
https://bestbuy.com/search?page=62,0
https://theguardian.com/about,0
https://facebook.com/home?page=88,0
https://twitter.com/dashboard,0
http://wellsfargo.com/news,0
http://theguardian.com/profile?page=5,0
https://linkedin.com/about?page=51,0
https://theguardian.com/api/v1/users,0
https://bestbuy.com/login,0
https://wikipedia.org/blog,0
https://apple.com/blog,0
http://theguardian.com/api/v1/users,0
https://cnn.com/blog,0
https://wikipedia.org/,0
https://medium.com/blog?page=99,0
https://linkedin.com/products?page=83,0
https://google.com/signup,0
https://microsoft.com/help?page=8,0
https://stackoverflow.com/index.html,0
https://nytimes.com/dashboard,0
https://netflix.com/profile,0
https://wikipedia.org/api/v1/users,0
https://youtube.com/login,0
https://github.com/about,0
https://walmart.com/support,0
https://bbc.com/products,0
https://netflix.com/settings,0
https://reddit.com/home,0
https://stackoverflow.com/login,0
https://cnn.com/index.html,0
https://nytimes.com/blog,0
https://amazon.com/pricing,0
https://twitter.com/news,0
http://microsoft.com/api/v1/users,0
http://cnn.com/services,0
https://microsoft.com/products?page=85,0
https://microsoft.com/login,0
https://wellsfargo.com/settings?page=79,0
http://youtube.com/signup,0
https://paypal.com/products,0
https://bbc.com/home?page=76,0
https://chase.com/pricing,0
https://microsoft.com/about,0
https://bbc.com/login,0
https://bbc.com?page=98,0
https://linkedin.com/contact,0
https://facebook.com/profile,0
https://reddit.com/api/v1/users?page=30,0
https://target.com/news,0
https://linkedin.com/faq,0
https://shopify.com/pricing,0
http://bestbuy.com/home,0
https://bankofamerica.com/about,0
https://ebay.com/about,0
https://instagram.com/home,0
http://wikipedia.org/blog?page=36,0
https://walmart.com/search,0
https://ebay.com,0
https://twitter.com/profile,0
https://walmart.com,0
https://apple.com/home,0
https://medium.com/blog,0
https://shopify.com/home?page=36,0
https://cnn.com/api/v1/users,0
https://microsoft.com/search,0
https://instagram.com/signup,0
https://walmart.com/blog,0
https://linkedin.com/blog,0
https://twitter.com/search,0
https://github.com/services,0
https://bankofamerica.com/about,0
https://nytimes.com/settings,0
http://facebook.com/faq?page=93,0
https://google.com/pricing,0
https://microsoft.com/blog,0
https://ebay.com/dashboard?page=24,0
https://wellsfargo.com/news,0
https://reddit.com/login,0
https://ebay.com/blog?page=74,0
https://reddit.com/home,0
https://twitter.com/api/v1/users?page=24,0
https://reddit.com/support?page=31,0
http://reddit.com/products,0
https://cnn.com,0
https://facebook.com/contact,0
https://wikipedia.org/news,0
https://bestbuy.com/api/v1/users,0
https://nytimes.com/blog,0
http://nytimes.com/profile?page=25,0
https://stackoverflow.com/blog?page=97,0
https://reddit.com/blog?page=89,0
https://apple.com/blog,0
https://bestbuy.com/services,0
https://instagram.com/index.html,0
https://microsoft.com/dashboard,0
https://wellsfargo.com/home,0
https://theguardian.com/home?page=4,0
https://github.com/search,0
https://walmart.com/settings,0
https://stackoverflow.com/about,0
https://amazon.com/signup,0
https://google.com/index.html,0
http://walmart.com/dashboard,0
https://amazon.com/about,0
http://twitter.com/support,0
https://theguardian.com,0
https://shopify.com/,0
https://theguardian.com/pricing,0
https://ebay.com/support,0
https://ebay.com/profile,0
https://github.com/index.html,0
http://bestbuy.com/faq?page=84,0
https://reddit.com/contact,0
https://bbc.com/,0
https://bbc.com/settings?page=41,0
https://nytimes.com/support,0
https://bestbuy.com/api/v1/users,0
https://walmart.com/signup,0
https://wellsfargo.com/home?page=8,0
https://chase.com/signup?page=64,0
https://facebook.com/blog?page=57,0
https://shopify.com/,0
https://microsoft.com/news,0
https://google.com/settings,0
https://bankofamerica.com/api/v1/users,0
http://shopify.com/search?page=67,0
https://youtube.com/help?page=84,0
https://wellsfargo.com/settings,0
https://amazon.com/api/v1/users,0
https://nytimes.com/support?page=30,0
https://ebay.com/about,0
http://facebook.com,0
https://wellsfargo.com/home,0
https://netflix.com/api/v1/users,0
https://nytimes.com/support,0
https://reddit.com,0
https://bankofamerica.com/dashboard,0
https://ebay.com/search,0
https://paypal.com/login,0
https://stackoverflow.com/settings,0
https://microsoft.com/support,0
https://reddit.com/contact?page=24,0
https://wellsfargo.com/products,0
https://target.com/api/v1/users,0
https://reddit.com/index.html?page=62,0
http://microsoft.com/about,0
https://google.com/pricing,0
https://instagram.com/home?page=21,0
https://nytimes.com/news,0
https://bestbuy.com/news,0
https://netflix.com/news,0
https://youtube.com/contact,0
https://instagram.com/about,0
https://walmart.com/home,0
https://chase.com/support,0
https://target.com/news,0
https://amazon.com/search,0
https://nytimes.com/pricing,0
https://wellsfargo.com/signup,0
https://stackoverflow.com/dashboard?page=37,0
https://wellsfargo.com/news?page=51,0
https://amazon.com/news,0
https://bbc.com/pricing,0
https://wikipedia.org/home,0
https://twitter.com/blog,0
https://reddit.com/products,0
https://microsoft.com/settings,0
https://google.com/news,0
https://ebay.com/dashboard,0
https://cnn.com/api/v1/users,0
https://wellsfargo.com/home?page=52,0
http://paypal.com/products,0
https://bankofamerica.com/settings,0
https://stackoverflow.com/index.html?page=48,0
https://google.com/support,0
http://youtube.com/api/v1/users,0
https://stackoverflow.com/contact,0
https://bbc.com/news,0
https://apple.com/blog,0
https://twitter.com/settings?page=48,0
https://bankofamerica.com/signup,0
https://linkedin.com/faq,0
https://linkedin.com/support,0
https://chase.com/help,0
https://chase.com/settings,0
https://shopify.com/signup,0
https://wikipedia.org/contact,0
https://instagram.com/api/v1/users,0
https://medium.com/about?page=70,0
https://nytimes.com/,0
https://github.com/dashboard,0
https://wikipedia.org/signup,0
https://google.com/help,0
https://microsoft.com/home,0
https://medium.com/signup?page=32,0
http://facebook.com/products,0
https://linkedin.com/services?page=52,0
https://google.com/contact,0
https://medium.com/support,0
https://twitter.com/api/v1/users,0
https://google.com/contact?page=16,0
https://bbc.com/signup,0
https://paypal.com/faq,0
https://bestbuy.com/services,0
https://facebook.com/settings,0
https://netflix.com/faq?page=66,0
http://facebook.com/news,0
https://linkedin.com/settings?page=96,0
https://amazon.com/dashboard?page=59,0
http://google.com/,0
https://instagram.com/dashboard,0
https://reddit.com/faq,0
https://cnn.com/news,0
https://reddit.com/home?page=96,0
https://theguardian.com/products,0
https://cnn.com/,0
https://stackoverflow.com/support?page=31,0
https://facebook.com/,0
https://google.com/dashboard,0
https://nytimes.com/news,0
https://instagram.com/pricing,0
https://facebook.com/products?page=90,0
https://reddit.com/index.html,0
https://nytimes.com/products,0
https://reddit.com/signup,0
https://wellsfargo.com/home,0
https://bankofamerica.com/news?page=27,0
https://paypal.com/about,0
https://wellsfargo.com/about?page=22,0
https://shopify.com/about,0
https://shopify.com/faq,0
https://nytimes.com/about,0
https://facebook.com/news?page=81,0
https://linkedin.com/login?page=86,0
https://bankofamerica.com/faq,0
http://twitter.com/products,0
https://instagram.com/profile?page=84,0
https://reddit.com/login,0
https://google.com/services,0
https://theguardian.com/news,0
https://youtube.com/services,0
https://bbc.com/login,0
https://instagram.com/settings?page=42,0
https://bbc.com/api/v1/users,0
https://ebay.com/settings?page=10,0
https://wikipedia.org/login,0
http://apple.com/contact,0
http://amazon.com/settings,0
https://youtube.com/settings,0
https://youtube.com/services,0
https://facebook.com/about,0
https://bbc.com/faq,0
https://youtube.com/products,0
https://wellsfargo.com/index.html,0
https://twitter.com/products,0
https://github.com/products,0
https://google.com/faq,0
https://cnn.com/help,0
https://twitter.com/api/v1/users,0
https://walmart.com/login,0
http://youtube.com/services,0
https://shopify.com/home?page=2,0
https://shopify.com/signup,0
https://reddit.com/services,0
https://google.com/dashboard,0
https://chase.com/pricing,0
https://ebay.com/search,0
https://twitter.com/dashboard,0
http://shopify.com/profile,0
https://bestbuy.com/search,0
https://chase.com/signup,0
https://bestbuy.com/news,0
https://target.com/about,0
https://twitter.com?page=46,0
http://twitter.com/profile,0
https://wellsfargo.com/about,0
https://bestbuy.com/news?page=76,0
https://linkedin.com/search,0
https://walmart.com/dashboard,0
https://apple.com/news,0
https://stackoverflow.com/news,0
https://apple.com/,0
https://wellsfargo.com/login,0
http://target.com/news,0
https://target.com/contact,0
https://microsoft.com/settings,0
https://medium.com/search?page=2,0
https://wikipedia.org/dashboard,0
https://cnn.com/faq,0
https://microsoft.com/settings,0
https://cnn.com/pricing?page=52,0
https://microsoft.com/contact?page=75,0
https://apple.com/api/v1/users?page=45,0
https://linkedin.com/about?page=85,0
https://wellsfargo.com,0
https://nytimes.com/pricing?page=41,0
https://stackoverflow.com/signup,0
http://theguardian.com/settings,0
https://cnn.com/search,0
https://chase.com/products,0
https://stackoverflow.com/settings?page=32,0
https://bestbuy.com/contact,0
https://bankofamerica.com/pricing,0
https://nytimes.com/pricing,0
https://youtube.com/blog,0
https://bbc.com/support,0
https://bankofamerica.com/help,0
https://bbc.com,0
https://wikipedia.org/services,0
https://twitter.com/support?page=26,0
https://medium.com/profile,0
https://bbc.com/faq,0
https://wellsfargo.com/help,0
http://google.com/pricing,0
https://wellsfargo.com/signup,0
https://medium.com/about?page=47,0
https://bbc.com/index.html,0
https://microsoft.com/search,0
https://instagram.com/index.html,0
https://cnn.com/about,0
https://instagram.com/signup,0
https://paypal.com/search,0
https://apple.com/support?page=46,0
https://wikipedia.org/pricing,0
http://facebook.com/services,0
https://theguardian.com/search,0
https://linkedin.com/contact,0
https://netflix.com/pricing,0
https://microsoft.com/api/v1/users?page=21,0
https://linkedin.com/search?page=58,0
http://linkedin.com,0
https://shopify.com/dashboard,0
https://facebook.com/news,0
https://facebook.com/faq,0
http://shopify.com/index.html?page=45,0
https://theguardian.com/about,0
https://walmart.com/home,0
https://shopify.com/,0
https://bankofamerica.com/api/v1/users,0
https://nytimes.com/dashboard,0
https://cnn.com/news?page=77,0
https://amazon.com/signup,0
https://cnn.com/,0
https://ebay.com/signup,0
https://google.com/dashboard,0
http://wellsfargo.com/products,0
https://target.com/pricing,0
http://linkedin.com/faq,0
https://theguardian.com/search,0
https://github.com/signup?page=14,0
https://wikipedia.org/news,0
https://ebay.com/dashboard,0
https://paypal.com/home,0
https://microsoft.com/news?page=94,0
https://chase.com/signup,0
https://facebook.com/services,0
https://cnn.com/home,0
https://linkedin.com/news,0
https://microsoft.com/profile,0
https://cnn.com/pricing,0
https://bbc.com/faq?page=71,0
https://theguardian.com/support,0
https://github.com/news,0
https://bestbuy.com/products,0
https://bestbuy.com/settings,0
https://walmart.com/faq?page=96,0
https://stackoverflow.com/blog,0
https://amazon.com/blog?page=33,0
https://google.com/login,0
https://amazon.com/settings,0
https://shopify.com/support,0
http://bbc.com/help,0
https://bestbuy.com/search?page=18,0
https://microsoft.com/home,0
https://wikipedia.org/contact,0
https://amazon.com/login,0
https://github.com,0
https://facebook.com/profile,0
https://bankofamerica.com/search,0
https://cnn.com/about,0
https://theguardian.com/api/v1/users,0
https://youtube.com/settings,0
http://bbc.com/index.html,0
https://reddit.com/about,0
https://wikipedia.org/services,0
https://netflix.com/index.html?page=7,0
https://wikipedia.org/search,0
https://reddit.com/settings,0
http://reddit.com/support,0
https://reddit.com/profile,0
https://bbc.com/contact,0
https://wikipedia.org/blog,0
https://google.com/contact,0
https://medium.com/login,0
https://linkedin.com/pricing?page=45,0
https://microsoft.com/api/v1/users,0
https://youtube.com/faq,0
https://stackoverflow.com/profile,0
http://reddit.com/blog,0
https://microsoft.com/about,0
https://facebook.com/products?page=19,0
https://walmart.com/news,0
https://ebay.com,0
https://facebook.com/services,0
https://bbc.com/index.html,0
https://target.com/services,0
https://youtube.com/products,0
https://ebay.com/?page=46,0
https://target.com/search?page=56,0
https://netflix.com/contact?page=72,0
http://paypal.com/profile?page=35,0
https://medium.com/support,0
https://github.com/services,0
https://wikipedia.org/,0
https://github.com/login,0
https://google.com/login?page=24,0
https://bestbuy.com/profile,0
https://medium.com/help,0
https://walmart.com/contact,0
https://shopify.com/products,0
https://twitter.com/help?page=68,0
https://ebay.com/news,0
https://medium.com/dashboard,0
https://bankofamerica.com/contact,0
https://shopify.com/dashboard?page=4,0
https://apple.com/settings,0
https://target.com/about,0
https://walmart.com/services,0
http://bestbuy.com,0
https://github.com/settings,0
http://youtube.com/signup,0
https://bankofamerica.com/about,0
https://shopify.com/signup,0
https://microsoft.com/index.html,0
https://google.com/faq,0
https://youtube.com/api/v1/users,0
https://facebook.com/support,0
https://walmart.com/,0
https://netflix.com/home,0
https://bestbuy.com/dashboard,0
https://twitter.com/home,0
https://facebook.com/dashboard,0
https://nytimes.com/login,0
https://wellsfargo.com/home,0
https://netflix.com/blog,0
https://bbc.com/contact,0
https://chase.com/settings?page=26,0
http://target.com/home,0
https://netflix.com/pricing,0
https://paypal.com,0
https://target.com/index.html,0
https://netflix.com/settings,0
https://instagram.com/dashboard,0
https://bestbuy.com/,0
https://bestbuy.com/support,0
http://twitter.com/profile,0
https://microsoft.com/index.html,0
http://paypal.com/profile,0
https://cnn.com/index.html,0
http://wikipedia.org/pricing,0
https://apple.com/signup,0
https://github.com/faq,0
https://bbc.com/about,0
https://netflix.com/,0
https://target.com/api/v1/users?page=53,0
https://shopify.com/faq,0
https://amazon.com/signup,0
https://amazon.com/dashboard,0
https://linkedin.com/services,0
http://bankofamerica.com/home,0
https://facebook.com/search,0
http://google.com/search?page=73,0
https://wikipedia.org/products,0
https://chase.com/pricing,0
https://walmart.com/about,0
https://bankofamerica.com/pricing,0
https://walmart.com/api/v1/users?page=19,0
http://cnn.com,0
https://youtube.com/services,0
https://wellsfargo.com/faq,0
https://microsoft.com/search,0
https://cnn.com/signup,0
https://microsoft.com/about,0
https://youtube.com/help,0
https://ebay.com/blog,0
https://nytimes.com/search,0
https://ebay.com/index.html,0
https://linkedin.com/search,0
https://linkedin.com/search,0
https://target.com/api/v1/users?page=41,0
http://twitter.com/?page=44,0
https://shopify.com/api/v1/users,0
https://bbc.com/login,0
http://youtube.com/pricing,0
https://medium.com/index.html?page=61,0
https://apple.com/faq?page=84,0
https://target.com/help,0
http://walmart.com/login,0
https://bankofamerica.com/login,0
http://reddit.com/signup?page=92,0
https://apple.com/profile,0
https://twitter.com/search,0
https://target.com/signup,0
https://wikipedia.org/blog,0
https://bbc.com/news,0
https://bbc.com/news,0
http://chase.com/support,0
https://reddit.com/blog,0
https://shopify.com/settings,0
https://nytimes.com/support?page=45,0
https://target.com/support,0
https://cnn.com/news,0
http://github.com/pricing,0
https://amazon.com,0
https://amazon.com/products,0
https://bestbuy.com/support,0
http://theguardian.com/home?page=76,0
https://facebook.com/index.html?page=77,0
https://google.com/about,0
https://netflix.com/login,0
https://bbc.com/signup,0
https://bbc.com/products?page=65,0
https://shopify.com/blog,0
https://github.com/index.html,0
https://paypal.com/help,0
https://stackoverflow.com/login,0
https://netflix.com/settings,0
https://facebook.com/contact?page=75,0
https://medium.com/settings,0
https://wellsfargo.com/profile,0
https://shopify.com/dashboard,0
https://bankofamerica.com/about,0
https://twitter.com/pricing,0
https://amazon.com/login?page=5,0
https://chase.com/settings,0
https://bbc.com/profile,0
https://walmart.com/?page=85,0
https://youtube.com/support,0
https://medium.com/products,0
https://wellsfargo.com/,0
https://theguardian.com/settings?page=31,0
https://twitter.com/products?page=11,0
https://bbc.com/services,0
https://amazon.com/login,0
http://facebook.com/home?page=44,0
https://nytimes.com/news,0
https://stackoverflow.com/help,0
https://amazon.com/products,0
http://bbc.com/news?page=41,0
https://medium.com/pricing,0
https://medium.com/contact,0
https://twitter.com/signup?page=74,0
https://bankofamerica.com/contact,0
https://facebook.com/index.html,0
http://target.com,0
https://instagram.com/signup,0
https://instagram.com/home,0
https://stackoverflow.com/search?page=12,0
https://paypal.com/signup?page=56,0
http://theguardian.com/login,0
https://amazon.com/profile,0
https://ebay.com/api/v1/users,0
https://netflix.com/services,0
https://reddit.com/api/v1/users,0
https://youtube.com/products,0
https://nytimes.com/support?page=3,0
https://github.com/contact,0
http://apple.com,0
https://paypal.com/signup,0
https://nytimes.com/contact,0
https://paypal.com/?page=80,0
https://linkedin.com/dashboard?page=44,0
https://theguardian.com/news,0
https://linkedin.com/settings,0
https://reddit.com/index.html,0
https://instagram.com,0
https://walmart.com/signup,0
https://wellsfargo.com/settings,0
https://amazon.com/pricing,0
http://bbc.com/products,0
https://theguardian.com/about,0
https://netflix.com/faq?page=77,0
https://reddit.com/settings,0
https://wellsfargo.com/search,0
https://wikipedia.org/search,0
https://instagram.com/help,0
https://twitter.com/support,0
https://instagram.com/products,0
https://wikipedia.org,0
https://bestbuy.com/faq,0
https://ebay.com/blog,0
https://facebook.com/help?page=53,0
http://apple.com,0
https://shopify.com/about,0
https://cnn.com/services,0
https://facebook.com/login?page=77,0
https://paypal.com/support,0
https://theguardian.com/api/v1/users,0
https://amazon.com/dashboard?page=16,0
http://facebook.com/profile?page=14,0
https://paypal.com/login,0
https://ebay.com/faq,0
https://target.com/search,0
https://target.com,0
https://netflix.com/contact,0
https://paypal.com/signup,0
https://wellsfargo.com/,0
https://amazon.com/news,0
https://shopify.com/pricing,0
https://netflix.com/services,0
https://microsoft.com/support,0
https://bbc.com?page=70,0
https://wellsfargo.com/settings,0
https://bankofamerica.com/dashboard?page=30,0
https://wellsfargo.com/pricing,0
https://theguardian.com/home,0
http://paypal.com/,0
http://stackoverflow.com/about,0
https://ebay.com/pricing?page=64,0
https://bbc.com/dashboard?page=82,0
https://twitter.com/faq?page=36,0
https://wikipedia.org/blog?page=2,0
https://bbc.com/api/v1/users,0
https://netflix.com/index.html,0
https://paypal.com/api/v1/users,0
https://netflix.com/pricing,0
https://nytimes.com/,0
https://walmart.com/contact,0
https://nytimes.com/index.html,0
http://ebay.com/news,0
http://amazon.com/help?page=50,0
https://bankofamerica.com/faq,0
https://target.com/dashboard,0
https://walmart.com/help,0
http://bankofamerica.com/home,0
https://target.com/news,0
http://facebook.com/news,0
https://youtube.com/blog,0
https://github.com/products,0
http://stackoverflow.com/login,0
https://medium.com/settings?page=78,0
https://ebay.com/services,0
https://instagram.com/faq,0
https://shopify.com/contact,0
https://github.com/services?page=35,0
https://microsoft.com/blog,0
https://reddit.com,0
https://walmart.com/blog,0
https://microsoft.com/api/v1/users,0
https://twitter.com/contact,0
https://wikipedia.org/about?page=21,0
http://stackoverflow.com/profile,0
https://linkedin.com/,0
https://shopify.com/blog,0
https://reddit.com/contact,0
https://wellsfargo.com/contact,0
https://instagram.com/api/v1/users,0
http://youtube.com/signup,0
https://medium.com/api/v1/users?page=1,0
https://netflix.com/signup,0
https://github.com/services,0
https://stackoverflow.com/about,0
https://ebay.com/help,0
https://linkedin.com/profile,0
https://paypal.com/,0
https://facebook.com/dashboard,0
https://wellsfargo.com/pricing,0
http://reddit.com/api/v1/users,0
https://github.com/home?page=4,0
https://amazon.com/pricing,0
https://nytimes.com/dashboard,0
https://shopify.com/index.html,0
https://google.com/support,0
https://medium.com/products,0
https://nytimes.com/services,0
https://bestbuy.com/products?page=87,0
https://bestbuy.com/signup,0
https://twitter.com/blog,0
http://google.com/faq,0
https://theguardian.com/about,0
https://theguardian.com/help,0
https://medium.com/profile,0
https://bestbuy.com/about,0
https://youtube.com/products?page=56,0
https://google.com/index.html,0
https://netflix.com/support,0
https://ebay.com/contact,0
https://wellsfargo.com/support,0
https://microsoft.com/search,0
https://microsoft.com/home,0
https://reddit.com/index.html,0
https://wikipedia.org/about,0
https://facebook.com/login,0
https://netflix.com/support,0
https://apple.com,0
https://shopify.com/login,0
https://stackoverflow.com/signup?page=36,0
https://twitter.com/services?page=71,0
https://netflix.com/settings,0
https://stackoverflow.com/api/v1/users,0
https://linkedin.com/news?page=65,0
https://reddit.com,0
https://bankofamerica.com/services,0
https://twitter.com/services,0
https://stackoverflow.com/pricing?page=72,0
https://twitter.com/home,0
https://nytimes.com/login,0
https://ebay.com/help,0
https://linkedin.com/news,0
https://twitter.com/dashboard,0
https://bbc.com/news?page=90,0
https://nytimes.com/api/v1/users,0
https://bankofamerica.com/api/v1/users,0
http://linkedin.com/search,0
https://reddit.com/profile,0
https://walmart.com/news,0
https://twitter.com/support,0
https://reddit.com/,0
https://cnn.com/signup,0
https://facebook.com/dashboard?page=76,0
https://netflix.com/products?page=90,0
https://youtube.com/help,0
https://amazon.com/products,0
https://twitter.com/support,0
https://walmart.com/news,0
https://linkedin.com/login?page=7,0
https://microsoft.com/search,0
https://facebook.com/contact,0
https://github.com/news,0
https://google.com/support,0
https://linkedin.com/about,0
https://paypal.com/blog,0
https://facebook.com/settings,0
https://amazon.com?page=87,0
https://google.com/login?page=50,0
https://bbc.com/about,0
https://linkedin.com/contact,0
https://bankofamerica.com,0
https://target.com/settings,0
https://ebay.com/signup,0
https://bbc.com/search,0
https://github.com/settings,0
http://apple.com/api/v1/users?page=89,0
https://reddit.com,0
https://medium.com/products,0
https://walmart.com/support?page=59,0
https://ebay.com/pricing?page=49,0
https://wikipedia.org/dashboard,0
https://github.com/dashboard,0
https://theguardian.com/help,0
https://bestbuy.com/search,0
https://ebay.com/home,0
https://twitter.com/pricing,0
https://bestbuy.com/services?page=13,0
http://netflix.com/faq,0
https://wikipedia.org/contact,0
https://google.com/faq,0
https://apple.com/,0
https://cnn.com/contact,0
https://nytimes.com/home?page=58,0
http://bestbuy.com/contact,0
https://linkedin.com/products,0
https://bbc.com/search,0
https://medium.com/services,0
http://facebook.com/?page=49,0
https://apple.com/home,0
https://theguardian.com/index.html,0
https://nytimes.com/news,0
https://medium.com/,0
https://microsoft.com/pricing,0
https://facebook.com/home,0
https://linkedin.com/support,0
https://walmart.com/login,0
https://github.com/dashboard,0
https://github.com/support,0
https://walmart.com,0
https://linkedin.com/services,0
https://facebook.com/?page=28,0
https://walmart.com/,0
https://paypal.com/help,0
https://target.com/profile,0
https://facebook.com/help,0
https://bankofamerica.com/pricing,0
http://twitter.com/support,0
https://walmart.com/blog,0
https://paypal.com/api/v1/users,0
https://youtube.com/login?page=34,0
http://instagram.com/search,0
https://wikipedia.org/index.html?page=6,0
https://chase.com/settings,0
https://bbc.com/dashboard,0
https://facebook.com?page=36,0
https://google.com,0
http://facebook.com/settings,0
https://target.com/blog,0
https://apple.com/login,0
https://wellsfargo.com/contact,0
https://stackoverflow.com/pricing,0
http://cnn.com/search,0
https://youtube.com/news,0
http://twitter.com/profile?page=19,0
https://ebay.com/news,0
https://cnn.com/,0
https://microsoft.com/home?page=27,0
https://nytimes.com/dashboard,0
http://walmart.com/login,0
https://cnn.com/signup,0
https://netflix.com/news,0
https://ebay.com/contact?page=94,0
https://apple.com/dashboard,0
https://facebook.com/blog,0
https://paypal.com/signup,0
https://ebay.com/login,0
https://twitter.com/signup,0
https://chase.com/faq,0
https://facebook.com/profile,0
https://netflix.com/signup?page=48,0
https://ebay.com/profile,0
http://ebay.com/login,0
http://twitter.com/faq,0
https://facebook.com/signup,0
https://amazon.com/about,0
https://youtube.com/contact,0
https://medium.com/,0
https://amazon.com/login?page=56,0
https://cnn.com/api/v1/users,0
https://wellsfargo.com/home,0
https://facebook.com/home,0
https://reddit.com/api/v1/users,0
https://shopify.com/api/v1/users,0
https://shopify.com/faq,0
https://amazon.com/pricing,0
https://facebook.com/,0
https://target.com/blog,0
https://facebook.com/login,0
https://chase.com/about,0
https://amazon.com/search,0
http://walmart.com/profile,0
https://instagram.com/faq?page=75,0
https://wellsfargo.com/about?page=59,0
http://wikipedia.org/services,0
https://facebook.com/home?page=32,0
https://youtube.com/profile,0
http://facebook.com/products,0
https://google.com/products,0
http://youtube.com/services,0
https://microsoft.com/support,0
https://netflix.com/pricing,0
https://google.com/about?page=2,0
https://paypal.com/support,0
https://wikipedia.org/faq,0
https://reddit.com/help,0
https://paypal.com/search,0
https://twitter.com/support,0
https://amazon.com/services,0
http://stackoverflow.com/search,0
https://chase.com/home,0
https://facebook.com/signup,0
https://bankofamerica.com/home,0
https://ebay.com/support,0
https://nytimes.com/support,0
https://reddit.com/login,0
https://linkedin.com/signup,0
https://instagram.com/profile?page=14,0
https://theguardian.com/profile,0
https://apple.com/faq?page=80,0
https://bestbuy.com/services,0
http://ebay.com/help?page=24,0
https://amazon.com/index.html,0
https://ebay.com/products?page=31,0
https://twitter.com/support?page=54,0
https://cnn.com/support?page=18,0
https://paypal.com/about,0
https://target.com/pricing?page=72,0
http://walmart.com/home?page=43,0
http://walmart.com/faq,0
https://medium.com/pricing,0
https://twitter.com/blog,0
https://netflix.com/products,0
https://netflix.com/home,0
https://twitter.com/home,0
https://nytimes.com/about,0
https://paypal.com/pricing?page=61,0
https://linkedin.com/login?page=71,0
https://bbc.com/help?page=75,0
https://amazon.com/login,0
https://amazon.com/dashboard?page=48,0
https://microsoft.com/support?page=98,0
https://instagram.com/news?page=92,0
https://github.com/about,0
https://bbc.com/support,0
https://nytimes.com/products,0
https://twitter.com,0
https://apple.com/blog?page=14,0
https://wellsfargo.com/news?page=92,0
https://github.com/dashboard,0
https://paypal.com/settings?page=97,0
https://amazon.com/api/v1/users,0
http://theguardian.com/news,0
https://github.com/help,0
https://reddit.com/settings?page=60,0
https://nytimes.com/blog?page=53,0
https://stackoverflow.com/faq?page=1,0
https://paypal.com/about,0
https://youtube.com/help,0
https://stackoverflow.com/faq,0
https://wellsfargo.com/home?page=7,0
https://ebay.com/services,0
https://theguardian.com/signup,0
https://twitter.com/faq,0
https://apple.com/profile,0
https://bestbuy.com/products,0
https://apple.com/about,0
https://ebay.com/news,0
https://wellsfargo.com/blog,0
https://theguardian.com/blog,0
https://theguardian.com/services?page=58,0
https://cnn.com/search,0
http://paypal.com/profile,0
https://chase.com/search?page=80,0
https://bestbuy.com/about,0
http://ebay.com?page=55,0
http://cnn.com/support?page=55,0
https://instagram.com/news?page=7,0
https://bestbuy.com/signup,0
https://apple.com/help,0
https://google.com/login,0
https://wikipedia.org/dashboard,0
https://linkedin.com/services?page=47,0
https://github.com/signup,0
https://google.com/products,0
https://apple.com,0
https://facebook.com/profile,0
http://stackoverflow.com/index.html,0
https://reddit.com/about,0
https://theguardian.com/help?page=1,0
https://walmart.com/api/v1/users?page=42,0
https://microsoft.com/blog,0
https://youtube.com/pricing,0
https://linkedin.com/faq,0
http://reddit.com/dashboard?page=65,0
https://chase.com/login,0
https://instagram.com/,0
https://chase.com/login,0
https://medium.com/services,0
https://linkedin.com/search,0
https://walmart.com/signup,0
https://microsoft.com/blog,0
https://ebay.com/news,0
http://walmart.com,0
http://stackoverflow.com/settings,0
https://amazon.com/about,0
https://microsoft.com/index.html,0
https://twitter.com/settings,0
https://shopify.com/pricing,0
https://stackoverflow.com/home,0
https://bbc.com/settings,0
https://twitter.com/signup,0
https://target.com/,0
https://shopify.com/profile,0
https://amazon.com/signup,0
https://reddit.com/profile,0
https://apple.com/search,0
https://twitter.com/api/v1/users,0
https://ebay.com/dashboard,0
https://netflix.com/contact,0
https://medium.com/login,0
http://facebook.com/signup,0
https://ebay.com/support?page=37,0
https://chase.com/faq?page=20,0
https://medium.com/dashboard,0
https://google.com/,0
https://paypal.com/profile,0
https://instagram.com/about?page=97,0
https://instagram.com/,0
https://github.com/faq,0
https://walmart.com/pricing,0
https://target.com/about,0
https://youtube.com/help?page=38,0
https://wikipedia.org/settings,0
https://linkedin.com/pricing,0
https://bbc.com/pricing,0
https://microsoft.com/services,0
https://instagram.com/pricing,0
https://amazon.com/search?page=92,0
https://youtube.com/profile,0
https://bestbuy.com/blog?page=87,0
http://paypal.com/login,0
https://chase.com/support,0
https://amazon.com/index.html,0
http://shopify.com/news,0
https://target.com/pricing,0
https://bestbuy.com/index.html,0
https://youtube.com/services,0
https://twitter.com/contact?page=13,0
https://theguardian.com/blog,0
https://walmart.com/about,0
http://wikipedia.org/home,0
https://nytimes.com/login,0
https://bbc.com/api/v1/users,0
https://instagram.com/login,0
https://youtube.com/login,0
https://reddit.com/dashboard,0
https://wikipedia.org/blog,0
https://twitter.com/profile,0
https://paypal.com/index.html,0
https://instagram.com,0
https://github.com/profile,0
https://bestbuy.com/profile,0
https://bbc.com/support,0
https://theguardian.com/faq,0
https://apple.com/home?page=84,0
https://target.com,0
https://amazon.com/profile?page=14,0
https://cnn.com/pricing,0
https://facebook.com/login,0
https://wikipedia.org/faq?page=80,0
https://wellsfargo.com/support,0
https://bankofamerica.com/login,0
https://wikipedia.org/,0
https://medium.com/pricing,0
https://medium.com/blog,0
https://facebook.com/products,0
https://instagram.com/pricing,0
https://medium.com/about,0
https://bankofamerica.com/,0
https://amazon.com/support,0
https://theguardian.com/blog?page=83,0
https://wikipedia.org/help,0
https://medium.com,0
https://nytimes.com/faq,0
https://apple.com/api/v1/users,0
https://shopify.com/pricing?page=58,0
https://bestbuy.com/blog?page=93,0
https://facebook.com/news,0
https://bbc.com/faq,0
https://walmart.com,0
https://theguardian.com/api/v1/users,0
https://microsoft.com/home,0
http://stackoverflow.com/search,0
https://reddit.com/profile,0
https://walmart.com/api/v1/users?page=82,0
https://wellsfargo.com/faq,0
https://github.com/blog,0
https://amazon.com/search,0
https://netflix.com/home,0
http://google.com/pricing,0
https://linkedin.com/index.html,0
http://bestbuy.com/settings,0
https://paypal.com/profile,0
https://google.com/settings,0
https://apple.com/,0
http://microsoft.com/dashboard,0
https://netflix.com/about,0
https://wikipedia.org/faq,0
https://paypal.com/faq?page=73,0
https://paypal.com/about,0
https://amazon.com/faq?page=29,0
https://target.com,0
https://instagram.com/login?page=47,0
https://bankofamerica.com/pricing,0
https://chase.com/news,0
http://theguardian.com/home?page=64,0
https://stackoverflow.com/signup,0
https://stackoverflow.com/services,0
https://cnn.com/api/v1/users,0
https://twitter.com/blog,0
https://shopify.com/settings?page=64,0
https://stackoverflow.com/support,0
https://medium.com/services,0
https://amazon.com/login,0
https://twitter.com,0
http://medium.com/profile,0
https://wellsfargo.com,0
https://paypal.com/products,0
http://medium.com/products,0
http://nytimes.com/login?page=77,0
https://stackoverflow.com/faq,0
https://target.com/blog,0
https://stackoverflow.com/index.html,0
https://bbc.com/support,0
https://instagram.com/dashboard,0
http://netflix.com/faq,0
https://ebay.com/dashboard,0
http://wikipedia.org/services?page=70,0
https://ebay.com/api/v1/users,0
https://linkedin.com/login,0
https://shopify.com/faq?page=91,0
http://nytimes.com/settings,0
https://medium.com/index.html,0
http://ebay.com/signup,0
https://ebay.com/api/v1/users,0
https://ebay.com/services,0
https://twitter.com/?page=76,0
https://netflix.com/pricing,0
https://linkedin.com/dashboard,0
http://google.com/pricing,0
https://wikipedia.org/login?page=65,0
https://linkedin.com/,0
https://bankofamerica.com/profile?page=12,0
https://wellsfargo.com/help,0
https://github.com/dashboard,0
https://wellsfargo.com/help,0
https://stackoverflow.com/contact,0
https://paypal.com/index.html?page=22,0
https://stackoverflow.com/profile,0
http://twitter.com/profile,0
https://nytimes.com/contact,0
https://stackoverflow.com/search,0
https://amazon.com/help?page=66,0
https://reddit.com,0
http://stackoverflow.com/home,0
https://chase.com/home?page=87,0
https://microsoft.com/signup,0
https://stackoverflow.com/faq?page=39,0
https://stackoverflow.com/api/v1/users,0
https://nytimes.com,0
https://instagram.com/faq,0
https://twitter.com/contact,0
https://bbc.com/about,0
https://chase.com/home,0
https://bbc.com/support,0
http://github.com/,0
https://bbc.com/about,0
https://paypal.com,0
https://theguardian.com/services,0
https://medium.com/settings,0
https://amazon.com/about,0
http://shopify.com/dashboard,0
https://bestbuy.com/,0
https://reddit.com/faq?page=34,0
https://stackoverflow.com,0
https://target.com/products?page=56,0
https://paypal.com/news,0
http://reddit.com/contact,0
http://shopify.com/products?page=74,0
https://bbc.com/about,0
https://netflix.com/news,0
https://github.com,0
https://nytimes.com/contact,0
https://cnn.com/index.html,0
https://twitter.com/login,0
https://cnn.com/support,0
https://twitter.com/help?page=41,0
https://netflix.com/news,0
https://microsoft.com/support,0
https://wellsfargo.com/news,0
https://github.com/support,0
https://shopify.com/about?page=86,0
https://instagram.com/blog,0
https://netflix.com/,0
https://chase.com/home,0
http://bbc.com/index.html,0
https://amazon.com/profile?page=75,0
https://facebook.com/index.html,0
http://chase.com/support,0
https://linkedin.com/settings,0
https://ebay.com/signup,0
http://microsoft.com/about,0
http://paypal.com/contact?page=29,0
https://instagram.com/contact,0
https://walmart.com/login,0
http://reddit.com/home,0
https://reddit.com/dashboard,0
https://ebay.com/login,0
https://walmart.com/profile,0
https://facebook.com/news?page=91,0
http://facebook.com/about,0
https://theguardian.com/,0
https://shopify.com/pricing,0
https://microsoft.com/index.html,0
http://chase.com/settings,0
https://google.com/profile?page=60,0
https://facebook.com/profile,0
https://microsoft.com/profile,0
https://google.com/api/v1/users,0
https://medium.com/news?page=63,0
https://apple.com/settings,0
https://youtube.com/,0
https://github.com/search,0
https://wellsfargo.com/profile,0
https://twitter.com/login,0
https://apple.com/services,0
https://github.com/login,0
https://stackoverflow.com/blog,0
https://google.com/signup?page=91,0
https://google.com/news,0
https://amazon.com/pricing,0
https://bankofamerica.com/api/v1/users?page=36,0
https://theguardian.com/dashboard,0
https://theguardian.com/support?page=10,0
https://github.com/help?page=77,0
http://bestbuy.com/about,0
https://walmart.com/contact,0
https://bankofamerica.com/contact,0
https://linkedin.com/pricing,0
https://microsoft.com/news,0
https://bestbuy.com/pricing,0
https://ebay.com/home,0
https://github.com,0
https://linkedin.com/help?page=70,0
http://microsoft.com/home,0
https://bestbuy.com/faq,0
http://medium.com/pricing?page=10,0
http://bestbuy.com/contact,0
https://target.com/pricing,0
https://cnn.com/blog,0
https://shopify.com,0
https://apple.com/dashboard,0
http://bankofamerica.com/contact,0
https://twitter.com/products,0
https://theguardian.com/signup,0
https://github.com/dashboard,0
https://microsoft.com/,0
https://bankofamerica.com,0
https://linkedin.com/profile,0
https://medium.com/api/v1/users,0
https://theguardian.com/api/v1/users,0
https://bestbuy.com/api/v1/users,0
https://chase.com/services?page=52,0
https://apple.com/news,0
https://bankofamerica.com/faq,0
https://stackoverflow.com/login,0
https://ebay.com/support,0
https://github.com/faq,0
https://paypal.com/contact,0
https://paypal.com/index.html,0
https://bbc.com/pricing,0
https://wellsfargo.com/faq,0
https://linkedin.com/support,0
https://wikipedia.org/blog,0
https://shopify.com/,0
https://target.com/settings,0
https://bestbuy.com/help?page=51,0
https://nytimes.com/faq,0
http://github.com/contact,0
https://reddit.com/news,0
https://medium.com/blog?page=72,0
https://medium.com/dashboard,0
https://reddit.com/blog?page=48,0
https://microsoft.com/contact,0
https://bbc.com/api/v1/users,0
https://walmart.com/services,0
http://wikipedia.org/settings,0
https://bbc.com/search,0
https://theguardian.com/blog?page=26,0
https://twitter.com,0
https://walmart.com/services,0
https://nytimes.com/products,0
https://medium.com/news?page=63,0
https://bankofamerica.com/login,0
https://stackoverflow.com/support,0
https://cnn.com/search,0
https://twitter.com/dashboard,0
https://wellsfargo.com/profile?page=58,0
https://ebay.com/blog,0
https://linkedin.com/contact,0
https://reddit.com/home?page=71,0
https://theguardian.com/pricing?page=12,0
https://ebay.com/pricing,0
https://wikipedia.org/help,0
https://bankofamerica.com/api/v1/users,0
https://amazon.com/services?page=1,0
https://nytimes.com,0
http://bestbuy.com/about,0
https://paypal.com/blog,0
https://twitter.com/?page=30,0
https://amazon.com/services,0
https://stackoverflow.com/pricing?page=54,0
https://bankofamerica.com/help?page=49,0
https://amazon.com/search?page=16,0
https://github.com/news,0
https://cnn.com/news?page=20,0
https://ebay.com/blog?page=42,0
https://netflix.com/api/v1/users,0
https://instagram.com/profile,0
https://reddit.com/about,0
https://instagram.com/settings,0
https://google.com/profile,0
https://amazon.com/support,0
https://wikipedia.org/settings,0
https://linkedin.com/api/v1/users,0
https://chase.com/home,0
https://nytimes.com/home,0
https://chase.com/about,0
https://bbc.com/settings,0
https://twitter.com/login,0
https://cnn.com/,0
http://google.com/signup,0
http://ebay.com/services,0
https://facebook.com/settings?page=37,0
https://medium.com,0
https://bbc.com/home,0
https://medium.com/signup,0
https://apple.com/news,0
https://cnn.com/index.html?page=41,0
https://medium.com/blog,0
https://amazon.com/api/v1/users,0
https://netflix.com/pricing,0
https://microsoft.com/products,0
https://microsoft.com/dashboard,0
https://apple.com/blog?page=37,0
https://wellsfargo.com/news,0
https://paypal.com/services,0
http://reddit.com/home,0
https://cnn.com/products,0
https://bankofamerica.com/index.html,0
https://chase.com/help,0
https://walmart.com/home,0
https://medium.com/about,0
https://walmart.com/contact,0
https://cnn.com/settings,0
https://linkedin.com/settings,0
https://bankofamerica.com/pricing,0
https://paypal.com/api/v1/users?page=62,0
https://bbc.com/signup,0
https://youtube.com/?page=83,0
http://instagram.com/profile?page=97,0
https://twitter.com/profile?page=48,0
https://bbc.com/services?page=28,0
https://linkedin.com/contact,0
https://cnn.com/services,0
http://bestbuy.com/services,0
https://wellsfargo.com/products,0
https://bestbuy.com/api/v1/users?page=7,0
https://wikipedia.org/profile,0
https://shopify.com/profile,0
https://walmart.com/index.html,0
https://wellsfargo.com/about,0
https://paypal.com/,0
https://netflix.com/,0
https://reddit.com/help,0
https://reddit.com/pricing,0
https://youtube.com/contact,0
https://amazon.com/settings,0
http://netflix.com/dashboard,0
https://github.com/dashboard,0
https://theguardian.com/dashboard,0
https://bbc.com/profile?page=54,0
https://stackoverflow.com/dashboard,0
https://apple.com/help,0
https://walmart.com/pricing?page=13,0
https://target.com/search,0
https://walmart.com/,0
http://twitter.com/help,0
https://apple.com/home,0
https://wellsfargo.com/support,0
https://wikipedia.org/home,0
https://stackoverflow.com/settings,0
https://paypal.com/home,0
https://medium.com/products,0
https://google.com/contact,0
http://bestbuy.com/login,0
https://wikipedia.org/services,0
https://stackoverflow.com/home?page=21,0
https://github.com/contact?page=24,0
https://bankofamerica.com/api/v1/users,0
https://stackoverflow.com/support,0
https://twitter.com/help?page=69,0
https://shopify.com/api/v1/users,0
http://youtube.com/products,0
https://microsoft.com/search,0
https://linkedin.com/login,0
https://google.com/services,0
https://ebay.com/faq?page=31,0
https://google.com/settings?page=26,0
https://stackoverflow.com/,0
https://stackoverflow.com/profile,0
https://linkedin.com/search,0
https://chase.com/contact,0
http://google.com/faq,0
https://apple.com/api/v1/users,0
https://bbc.com/dashboard,0
https://amazon.com/dashboard?page=89,0
https://facebook.com/index.html?page=7,0
https://google.com?page=66,0
https://apple.com/faq,0
https://twitter.com/about,0
http://linkedin.com/products,0
https://reddit.com/blog,0
https://bbc.com,0
https://netflix.com/contact,0
https://wellsfargo.com/index.html,0
https://wellsfargo.com/contact,0
https://walmart.com/index.html,0
http://bbc.com/about,0
https://walmart.com/pricing?page=37,0
https://paypal.com/help,0
https://bestbuy.com/contact?page=64,0
https://nytimes.com/help,0
https://reddit.com,0
http://stackoverflow.com,0
https://nytimes.com/products,0
https://medium.com/home?page=39,0
https://reddit.com/signup,0
https://wikipedia.org/products,0
https://microsoft.com/services,0
https://walmart.com/home?page=30,0
https://wellsfargo.com/home,0
https://target.com/dashboard,0
https://netflix.com/news,0
https://twitter.com/services,0
http://bankofamerica.com/pricing,0
https://wellsfargo.com/about,0
https://facebook.com/contact,0
https://walmart.com/search,0
https://cnn.com/profile?page=86,0
https://apple.com/login?page=88,0
https://target.com/news,0
https://paypal.com/products,0
https://bbc.com/about,0
http://ebay.com/profile?page=32,0
http://microsoft.com/search?page=69,0
https://ebay.com/blog,0
https://youtube.com/help,0
https://facebook.com/about,0
https://theguardian.com/blog,0
https://chase.com/dashboard,0
http://target.com/profile,0
https://theguardian.com/services?page=55,0
https://reddit.com/home,0
https://walmart.com/faq?page=35,0
https://paypal.com/pricing,0
https://github.com/news,0
https://wellsfargo.com/dashboard,0
https://medium.com/blog,0
https://linkedin.com/search?page=15,0
https://paypal.com/services,0
https://youtube.com/blog,0
https://microsoft.com/news?page=31,0
http://apple.com/services,0
https://linkedin.com/search,0
https://chase.com/news,0
https://bestbuy.com/blog,0
https://medium.com/products,0
https://ebay.com/search,0
https://wikipedia.org/about?page=99,0
https://linkedin.com/index.html,0
https://reddit.com/contact,0
https://amazon.com/pricing,0
https://ebay.com/settings,0
https://amazon.com/login,0
https://github.com/pricing,0
https://nytimes.com/about,0
https://chase.com/home,0
https://github.com/about,0
http://amazon.com/about,0
https://theguardian.com/index.html?page=13,0
https://shopify.com/news,0
https://target.com/signup,0
https://wikipedia.org/support,0
http://theguardian.com/contact,0
https://chase.com?page=28,0
https://bestbuy.com,0
https://twitter.com/dashboard,0
https://walmart.com/news,0
https://bbc.com/products,0
https://bankofamerica.com/,0
https://bankofamerica.com/index.html,0
https://walmart.com/api/v1/users,0
https://chase.com?page=21,0
https://chase.com/products,0
http://paypal.com/help,0
https://shopify.com/search,0
https://medium.com/pricing,0
https://paypal.com/support?page=59,0
https://apple.com/dashboard?page=99,0
https://youtube.com/api/v1/users,0
https://bestbuy.com/news,0
https://amazon.com/products?page=86,0
https://cnn.com/about,0
https://paypal.com/signup?page=11,0
http://reddit.com/search,0
https://bestbuy.com/index.html,0
https://theguardian.com/profile,0
https://twitter.com/support,0
https://target.com/search,0
https://nytimes.com/index.html?page=45,0
https://target.com/index.html,0
http://theguardian.com/services?page=74,0
https://apple.com/profile,0
https://reddit.com/about,0
https://bestbuy.com/home,0
https://medium.com/about,0
https://reddit.com/dashboard,0
https://nytimes.com/index.html,0
https://bbc.com/support,0
https://theguardian.com,0
https://instagram.com/,0
https://apple.com/faq,0
https://twitter.com/settings,0
https://microsoft.com/api/v1/users?page=57,0
https://cnn.com/index.html?page=62,0
https://stackoverflow.com?page=72,0
https://shopify.com/services?page=43,0
https://target.com/news,0
https://bankofamerica.com/home,0
https://bankofamerica.com/products,0
https://walmart.com/dashboard?page=88,0
https://paypal.com/blog,0
https://stackoverflow.com,0
https://apple.com/products,0
https://youtube.com/help,0
http://netflix.com/services,0
http://bestbuy.com/profile?page=31,0
https://wikipedia.org/signup?page=96,0
https://amazon.com/about?page=34,0
https://wikipedia.org/news,0
https://github.com/faq,0
http://facebook.com/login,0
https://chase.com/settings,0
https://bankofamerica.com/services?page=80,0
https://shopify.com/settings,0
https://apple.com/index.html,0
https://medium.com/settings,0
http://wellsfargo.com/index.html,0
https://instagram.com/about,0
https://reddit.com/about,0
https://bbc.com/login,0
https://apple.com/help,0
https://wellsfargo.com,0
https://linkedin.com/pricing,0
https://linkedin.com/news,0
http://wikipedia.org/blog,0
https://shopify.com/faq?page=90,0
https://microsoft.com/about?page=25,0
https://microsoft.com/news,0
https://microsoft.com/services,0
https://reddit.com/index.html,0
http://ebay.com/blog,0
https://twitter.com,0
https://wellsfargo.com/,0
https://wellsfargo.com/services?page=80,0
https://apple.com/settings,0
https://amazon.com/about,0
https://twitter.com/news,0
https://reddit.com/index.html,0
https://wellsfargo.com/help?page=23,0
https://medium.com/settings,0
https://theguardian.com/contact?page=92,0
https://stackoverflow.com?page=33,0
https://wellsfargo.com/settings,0
https://wikipedia.org/services?page=23,0
https://twitter.com/help,0
https://walmart.com/search,0
https://github.com/support,0
https://google.com/support,0
http://wikipedia.org/support?page=45,0
https://walmart.com/about,0
https://google.com/settings,0
https://walmart.com/pricing,0
https://linkedin.com,0
https://github.com/home,0
https://chase.com/faq,0
https://theguardian.com/products?page=64,0
https://wellsfargo.com/settings?page=70,0
https://netflix.com/pricing,0
https://shopify.com/about,0
https://apple.com/support,0
https://reddit.com/services,0
http://nytimes.com/search,0
https://bestbuy.com/products,0
https://stackoverflow.com/blog,0
https://bestbuy.com/blog,0
https://shopify.com/contact,0
https://instagram.com/news?page=88,0
http://google.com/contact,0
https://bestbuy.com/profile,0
https://stackoverflow.com?page=95,0
https://paypal.com,0
https://apple.com/home,0
https://facebook.com/help,0
https://twitter.com,0
http://bankofamerica.com/search,0
http://ebay.com/contact,0
https://stackoverflow.com/login,0
https://wellsfargo.com/news,0
https://netflix.com/contact?page=7,0
https://nytimes.com/settings,0
https://stackoverflow.com/signup,0
https://theguardian.com/products,0
https://netflix.com,0
http://theguardian.com/api/v1/users,0
https://bbc.com?page=14,0
https://facebook.com/profile,0
http://google.com/index.html,0
https://youtube.com/contact,0
https://walmart.com/login,0
https://wikipedia.org/products?page=69,0
https://nytimes.com/,0
https://medium.com/blog?page=91,0
https://stackoverflow.com/blog,0
https://amazon.com/blog?page=20,0
https://cnn.com/blog,0
https://instagram.com/pricing,0
http://bankofamerica.com/,0
https://chase.com/support,0
http://netflix.com,0
http://reddit.com/profile,0
https://reddit.com/about?page=70,0
https://wellsfargo.com,0
http://nytimes.com/dashboard,0
https://facebook.com/login,0
https://walmart.com/pricing,0
https://wikipedia.org/pricing,0
https://microsoft.com/,0
https://google.com/help,0
https://cnn.com/contact,0
https://theguardian.com/home,0
https://medium.com/,0
https://reddit.com/settings?page=55,0
https://google.com/settings,0
https://reddit.com/index.html,0
https://instagram.com/contact,0
https://nytimes.com/help?page=69,0
https://bankofamerica.com,0
https://target.com/dashboard,0
https://youtube.com/profile,0
https://linkedin.com/,0
https://facebook.com/,0
https://microsoft.com/blog,0
https://reddit.com/search,0
https://reddit.com/about,0
https://wikipedia.org,0
http://nytimes.com/pricing,0
https://target.com/services?page=17,0
https://microsoft.com/login,0
https://github.com/products?page=97,0
https://chase.com/index.html,0
https://apple.com/support,0
https://wellsfargo.com/pricing,0
https://walmart.com/about,0
https://cnn.com/about?page=13,0
https://ebay.com/dashboard,0
http://medium.com/search,0
https://google.com/blog,0
https://target.com/signup,0
https://bbc.com/dashboard,0
https://netflix.com/services,0
https://wellsfargo.com/blog,0
https://wikipedia.org/faq,0
https://shopify.com/support?page=79,0
https://ebay.com/help,0
https://walmart.com/about,0
https://cnn.com/services,0
https://facebook.com/services,0
https://ebay.com/pricing,0
https://bankofamerica.com/news,0
https://github.com/help,0
https://theguardian.com/home,0
https://cnn.com/about,0
https://youtube.com/contact,0
https://bbc.com/signup,0
https://reddit.com/home,0
https://shopify.com/profile,0
https://twitter.com/help,0
http://cnn.com/news,0
http://facebook.com/blog,0
https://nytimes.com/api/v1/users,0
https://nytimes.com/pricing?page=49,0
https://amazon.com/support,0
https://facebook.com/support,0
https://bbc.com/home,0
https://youtube.com/dashboard,0
https://bestbuy.com/profile,0
https://bankofamerica.com/help,0
http://wikipedia.org/blog,0
https://linkedin.com/help,0
https://stackoverflow.com/?page=86,0
https://facebook.com/profile,0
https://google.com/settings?page=85,0
https://target.com/about,0
https://walmart.com/news,0
https://bankofamerica.com/signup,0
https://github.com/news?page=41,0
https://bbc.com/about,0
https://bankofamerica.com/dashboard,0
https://stackoverflow.com/contact,0
http://bbc.com/about,0
https://github.com/dashboard,0
https://google.com/contact,0
https://amazon.com/,0
https://theguardian.com/profile,0
https://instagram.com/support,0
https://facebook.com/help,0
https://netflix.com/faq,0
https://linkedin.com/login?page=12,0
http://wikipedia.org/about,0
http://youtube.com/faq,0
https://bankofamerica.com,0
https://theguardian.com/pricing,0
http://cnn.com/home,0
https://facebook.com/profile?page=47,0
http://google.com/blog,0
https://instagram.com/help,0
https://chase.com/home,0
https://microsoft.com/help,0
https://nytimes.com/api/v1/users,0
https://amazon.com/contact,0
https://medium.com/api/v1/users,0
https://twitter.com/,0
https://wellsfargo.com/pricing,0
https://reddit.com/products,0
https://youtube.com/signup?page=36,0
https://paypal.com/about,0
https://wikipedia.org/dashboard?page=98,0
https://shopify.com/services?page=59,0
https://amazon.com/profile,0
http://bankofamerica.com/help,0
https://amazon.com/help,0
https://netflix.com/signup,0
https://ebay.com/index.html,0
https://target.com/search,0
https://microsoft.com/pricing,0
https://walmart.com/,0
https://shopify.com/dashboard,0
https://amazon.com/services,0
https://cnn.com/signup?page=25,0
https://google.com/search,0
https://wellsfargo.com/contact,0
https://ebay.com/support?page=30,0
http://wikipedia.org/search?page=30,0
https://twitter.com/api/v1/users,0
https://medium.com/help?page=18,0
https://target.com/search,0
https://apple.com/faq?page=88,0
https://chase.com/home,0
https://bankofamerica.com/news?page=1,0
https://target.com,0
https://linkedin.com/products,0
https://github.com/news,0
https://bbc.com/profile,0
https://bestbuy.com/news,0
https://github.com/products,0
http://instagram.com,0
https://bestbuy.com/faq,0
https://shopify.com/dashboard,0
https://target.com/faq,0
https://bbc.com/products,0
https://medium.com/home,0
https://wikipedia.org/blog,0
https://medium.com/signup?page=42,0
https://wikipedia.org/login,0
https://wellsfargo.com/api/v1/users,0
https://amazon.com/products,0
http://google.com/?page=29,0
https://walmart.com/services,0
https://shopify.com/support,0
https://walmart.com/support?page=21,0
https://theguardian.com/,0
https://chase.com/services,0
https://theguardian.com/pricing,0
https://facebook.com/blog,0
https://facebook.com/dashboard,0
http://ebay.com/home,0
https://instagram.com/login,0
https://microsoft.com,0
https://twitter.com/search,0
https://facebook.com/about,0
https://google.com/home?page=60,0
https://linkedin.com/help,0
https://walmart.com/home,0
https://twitter.com/signup?page=22,0
https://chase.com/api/v1/users,0
https://linkedin.com/help,0
https://ebay.com/support,0
https://linkedin.com/profile,0
https://wellsfargo.com/dashboard,0
https://wellsfargo.com/services,0
https://reddit.com/services,0
https://walmart.com/home?page=74,0
https://chase.com/support,0
https://stackoverflow.com/about,0
https://instagram.com/search,0
https://bestbuy.com/blog,0
https://amazon.com/index.html?page=45,0
https://instagram.com/login,0
https://netflix.com,0
https://medium.com/api/v1/users,0
https://target.com/help,0
https://bbc.com/,0
https://reddit.com,0
https://bestbuy.com/dashboard,0
https://apple.com/about,0
https://netflix.com/profile,0
https://medium.com/news,0
https://netflix.com/about?page=43,0
https://cnn.com/about?page=18,0
https://google.com/api/v1/users?page=78,0
https://bankofamerica.com/settings,0
https://microsoft.com/dashboard,0
https://bbc.com/services,0
https://nytimes.com/signup,0
https://nytimes.com/about,0
https://bankofamerica.com/blog,0
https://google.com/services,0
https://netflix.com?page=36,0
https://theguardian.com/faq,0
http://wellsfargo.com/products,0
https://chase.com/search,0
https://bankofamerica.com/support,0
https://netflix.com/about,0
https://wikipedia.org/profile,0
https://walmart.com/index.html,0
https://ebay.com,0
https://target.com/contact?page=97,0
https://theguardian.com/dashboard,0
https://linkedin.com/faq,0
https://target.com/,0
https://nytimes.com/dashboard,0
https://nytimes.com/,0
https://apple.com/settings,0
https://reddit.com/blog,0
https://microsoft.com/pricing,0
https://netflix.com/help,0
https://theguardian.com/profile,0
https://amazon.com/settings,0
http://amazon.com/index.html,0
https://wellsfargo.com/api/v1/users,0
https://youtube.com/pricing,0
https://facebook.com/about?page=36,0
https://stackoverflow.com/news?page=7,0
https://twitter.com/blog,0
https://facebook.com/login,0
https://stackoverflow.com/login,0
https://wikipedia.org/blog,0
https://stackoverflow.com/api/v1/users,0
https://bbc.com/dashboard?page=14,0
https://medium.com/news,0
https://youtube.com/dashboard,0
https://bankofamerica.com/api/v1/users,0
http://chase.com/pricing,0
https://apple.com/support?page=38,0
https://microsoft.com/services,0
https://chase.com/api/v1/users?page=37,0
https://facebook.com/home?page=80,0
https://nytimes.com/login,0
https://amazon.com/pricing?page=42,0
https://wikipedia.org/home,0
https://wellsfargo.com/about,0
https://netflix.com/services,0
https://instagram.com/profile,0
https://bbc.com/contact,0
https://medium.com/faq,0
https://github.com/index.html,0
https://facebook.com/services,0
https://wikipedia.org/,0
https://bankofamerica.com/signup,0
https://wellsfargo.com/products,0
https://bbc.com/index.html,0
https://youtube.com/help,0
https://youtube.com/index.html,0
https://google.com?page=23,0
https://shopify.com/login,0
https://wellsfargo.com/api/v1/users,0
https://linkedin.com/api/v1/users,0
https://medium.com/login,0
https://nytimes.com/products,0
https://bankofamerica.com/api/v1/users,0
https://walmart.com/news?page=65,0
https://amazon.com/signup,0
https://target.com/pricing,0
http://reddit.com/support,0
https://ebay.com/,0
https://google.com/api/v1/users,0
https://wellsfargo.com/settings?page=36,0
https://instagram.com,0
http://ebay.com/settings,0
http://target.com/api/v1/users?page=56,0
https://apple.com,0
https://stackoverflow.com/settings,0
https://linkedin.com/pricing,0
https://bestbuy.com/signup,0
https://nytimes.com/signup,0
http://apple.com/pricing?page=61,0
https://target.com/support,0
https://cnn.com/news,0
https://cnn.com/news,0
https://apple.com/?page=60,0
https://wikipedia.org/pricing?page=47,0
https://nytimes.com/dashboard,0
https://bbc.com/pricing,0
https://cnn.com/about,0
https://chase.com/support,0
https://chase.com/products,0
https://cnn.com/faq,0
https://apple.com/search,0
https://instagram.com/profile,0
http://reddit.com/index.html?page=77,0
https://bbc.com/news,0
https://ebay.com/index.html,0
https://netflix.com/services?page=26,0
https://wellsfargo.com/news?page=14,0
https://chase.com/,0
https://wellsfargo.com/login,0
https://facebook.com/index.html,0
https://google.com/contact,0
https://cnn.com/login,0
https://paypal.com/news,0
https://ebay.com/blog,0
https://walmart.com/about,0
http://target.com/index.html?page=69,0
http://instagram.com/index.html,0
http://twitter.com/contact,0
https://wellsfargo.com/contact,0
https://microsoft.com,0
https://target.com/settings,0
https://stackoverflow.com,0
https://youtube.com/profile,0
https://medium.com/home,0
https://facebook.com,0
https://amazon.com/services,0
https://instagram.com/index.html,0
https://twitter.com/pricing?page=14,0
https://nytimes.com/help?page=36,0
https://reddit.com/about,0
https://bankofamerica.com/index.html,0
https://youtube.com/help,0
https://wikipedia.org/faq,0
http://wellsfargo.com/contact,0
https://target.com/products,0
https://bankofamerica.com/faq,0
https://theguardian.com/contact,0
http://theguardian.com/faq?page=54,0
https://apple.com/products,0
https://wikipedia.org/blog,0
https://medium.com/pricing,0
https://bankofamerica.com/pricing,0
https://facebook.com/pricing,0
https://cnn.com/contact,0
https://github.com/,0
https://wikipedia.org/news,0
https://shopify.com/signup,0
https://target.com/faq,0
https://bankofamerica.com/home,0
https://instagram.com/profile,0
https://target.com/home,0
https://apple.com/profile,0
https://apple.com,0
https://wikipedia.org/news,0
https://nytimes.com?page=46,0
https://reddit.com/index.html?page=25,0
https://target.com,0
https://linkedin.com/signup,0
https://netflix.com/support,0
http://cnn.com/services,0
http://bbc.com/pricing?page=39,0
https://google.com/products,0
https://target.com/about,0
https://theguardian.com/dashboard,0
http://microsoft.com/login,0
https://github.com/,0
https://google.com/blog,0
https://shopify.com/search,0
https://paypal.com/pricing,0
https://wikipedia.org/pricing,0
https://facebook.com/search,0
https://bbc.com/home,0
https://github.com/about?page=83,0
https://github.com/home?page=28,0
https://bankofamerica.com/dashboard,0
https://microsoft.com/settings,0
https://github.com/help,0
https://target.com/login,0
https://theguardian.com/pricing?page=58,0
https://apple.com/contact,0
https://cnn.com/blog,0
https://nytimes.com/search,0
https://stackoverflow.com/profile,0
https://apple.com/dashboard?page=11,0
https://microsoft.com/blog,0
https://github.com/blog,0
https://microsoft.com/settings,0
https://youtube.com/products,0
https://microsoft.com/about,0
https://apple.com/,0
http://walmart.com/help,0
https://stackoverflow.com/faq,0
https://netflix.com/products?page=48,0
https://linkedin.com/search?page=66,0
https://ebay.com/news,0
http://linkedin.com/pricing?page=41,0
https://amazon.com/about,0
https://apple.com/index.html?page=43,0
https://cnn.com/contact,0
https://bestbuy.com/about,0
https://ebay.com/home,0
https://linkedin.com/services,0
https://ebay.com,0
http://theguardian.com/search,0
http://netflix.com/home,0
https://linkedin.com/home,0
https://wikipedia.org/help?page=28,0
https://microsoft.com/products,0
http://cnn.com/,0
https://google.com/settings?page=11,0
https://cnn.com/dashboard?page=99,0
https://paypal.com/support,0
https://walmart.com/help,0
https://stackoverflow.com/support,0
https://youtube.com/index.html,0
https://facebook.com/signup,0
https://reddit.com/home,0
https://medium.com/login?page=73,0
https://bestbuy.com/news,0
https://wellsfargo.com/services,0
https://chase.com/search?page=33,0
https://wikipedia.org/help,0
https://theguardian.com/blog,0
https://instagram.com/login,0
https://paypal.com/search,0
https://microsoft.com/about?page=83,0
https://bankofamerica.com/about,0
https://microsoft.com/login,0
https://wellsfargo.com/profile,0
https://netflix.com/index.html,0
https://amazon.com/search?page=62,0
https://netflix.com/api/v1/users?page=95,0
http://twitter.com/index.html,0
http://target.com/services,0
https://stackoverflow.com/support,0
https://instagram.com/api/v1/users,0
https://github.com/faq,0
https://wellsfargo.com/settings,0
https://target.com/profile?page=89,0
https://instagram.com/dashboard,0
https://microsoft.com/,0
https://reddit.com/products,0
https://netflix.com/products,0
https://walmart.com/services,0
https://walmart.com/index.html?page=56,0
https://medium.com/index.html,0
https://chase.com/blog,0
https://ebay.com/faq,0
https://instagram.com/pricing,0
https://wikipedia.org/pricing,0
https://theguardian.com/help?page=47,0
http://microsoft.com/services,0
https://shopify.com/home,0
https://linkedin.com/dashboard,0
https://walmart.com/index.html,0
https://shopify.com/profile,0
https://facebook.com/faq,0
https://netflix.com/signup,0
https://twitter.com/profile?page=90,0
https://bankofamerica.com/pricing,0
https://bankofamerica.com/services,0
https://shopify.com/login,0
https://amazon.com/services,0
https://microsoft.com/search,0
https://google.com/faq,0
https://twitter.com/products?page=88,0
https://paypal.com/search,0
http://paypal.com/support,0
https://facebook.com/profile,0
https://google.com/help,0
https://apple.com/help,0
https://amazon.com,0
https://apple.com/blog,0
https://chase.com/home,0
https://reddit.com/home,0
https://google.com/contact?page=74,0
https://cnn.com/products,0
https://stackoverflow.com/pricing,0
http://target.com/,0
https://google.com/pricing,0
https://bankofamerica.com/products,0
https://instagram.com/profile,0
https://theguardian.com/dashboard,0
https://medium.com/news,0
http://instagram.com/help,0
https://apple.com,0
https://instagram.com/api/v1/users?page=30,0
https://google.com/faq,0
https://github.com/news?page=54,0
https://microsoft.com/products,0
https://reddit.com/dashboard,0
http://apple.com/faq,0
https://instagram.com/api/v1/users,0
https://google.com/pricing,0
https://bbc.com/search,0
https://apple.com/login,0
http://apple.com,0
https://netflix.com/signup?page=18,0
http://shopify.com?page=55,0
https://twitter.com/help,0
https://nytimes.com/products,0
https://cnn.com/index.html?page=29,0
https://shopify.com/help,0
http://stackoverflow.com/news,0
https://theguardian.com/search,0
https://wikipedia.org/signup,0
https://youtube.com/settings,0
https://linkedin.com/profile,0
https://theguardian.com/news,0
https://microsoft.com/api/v1/users,0
https://youtube.com/support,0
https://medium.com/contact?page=23,0
https://ebay.com/help?page=92,0
https://theguardian.com/login?page=37,0
https://target.com/faq,0
https://medium.com/login?page=37,0
https://netflix.com/api/v1/users,0
https://target.com/search?page=91,0
https://twitter.com/signup?page=72,0
https://bankofamerica.com/index.html,0
https://microsoft.com/about?page=27,0
https://bankofamerica.com/profile,0
https://amazon.com/search?page=5,0
https://chase.com/signup,0
https://bankofamerica.com/contact,0
https://instagram.com/about,0
https://ebay.com/contact,0
https://google.com/contact,0
https://bestbuy.com?page=46,0
https://chase.com/news,0
https://youtube.com/news,0
https://wikipedia.org/,0
https://youtube.com/index.html,0
https://youtube.com/blog,0
https://amazon.com/help,0
http://bestbuy.com/services,0
https://ebay.com/news?page=43,0
https://theguardian.com/support?page=37,0
http://reddit.com/faq,0
https://youtube.com/dashboard,0
https://instagram.com/products?page=24,0
https://apple.com/help,0
https://linkedin.com/contact,0
https://medium.com/services?page=21,0
http://wikipedia.org/dashboard?page=16,0
https://wellsfargo.com/index.html,0
https://theguardian.com/login?page=28,0
https://amazon.com/about,0
https://bestbuy.com/faq,0
https://stackoverflow.com/products?page=37,0
https://bbc.com/faq,0
https://cnn.com/faq,0
https://wellsfargo.com/home,0
https://google.com?page=68,0
https://facebook.com/faq,0
https://reddit.com/services,0
https://medium.com/services,0
https://amazon.com/news?page=56,0
https://instagram.com/settings,0
https://reddit.com/search,0
https://cnn.com/index.html?page=72,0
http://facebook.com/pricing,0
https://nytimes.com/products,0
https://instagram.com/profile,0
https://theguardian.com/signup,0
https://bankofamerica.com/pricing,0
https://stackoverflow.com/contact?page=3,0
https://amazon.com/index.html,0
https://medium.com,0
https://netflix.com/products,0
http://bbc.com/news,0
https://bbc.com/signup,0
https://paypal.com/login,0
https://ebay.com/login?page=72,0
https://twitter.com/,0
https://google.com/about,0
https://stackoverflow.com/contact,0
http://paypal.com/faq,0
https://wellsfargo.com/settings,0
http://wikipedia.org?page=92,0
https://medium.com/login,0
https://shopify.com/,0
https://medium.com/home,0
https://microsoft.com/support,0
https://ebay.com/home,0
https://google.com/contact,0
https://cnn.com/support,0
https://amazon.com/contact,0
https://microsoft.com/news,0
https://bankofamerica.com/settings,0
https://netflix.com/services?page=79,0
https://nytimes.com/blog,0
https://wellsfargo.com,0
https://youtube.com/blog,0
https://bbc.com/blog,0
https://instagram.com/contact,0
https://amazon.com/news,0
https://stackoverflow.com/faq,0
https://netflix.com/about,0
https://medium.com/news,0
https://paypal.com/api/v1/users?page=68,0
https://theguardian.com/pricing,0
https://microsoft.com/home,0
https://apple.com,0
https://wellsfargo.com/pricing,0
https://cnn.com/about,0
https://amazon.com/help,0
https://microsoft.com/help,0
https://walmart.com/dashboard,0
https://medium.com/,0
https://nytimes.com/dashboard,0
https://medium.com/contact,0
https://nytimes.com/about,0
https://nytimes.com/search,0
https://shopify.com/about,0
https://google.com/profile,0
https://google.com/pricing,0
https://twitter.com/about,0
https://facebook.com/index.html,0
http://wellsfargo.com/products,0
http://stackoverflow.com/about,0
https://reddit.com/?page=96,0
https://bestbuy.com/news,0
http://ebay.com/news,0
https://medium.com/blog,0
https://bbc.com/support?page=12,0
https://cnn.com/home,0
https://stackoverflow.com/faq,0
https://instagram.com/profile,0
https://google.com/login,0
https://facebook.com/index.html,0
https://theguardian.com/blog,0
https://netflix.com/help,0
https://bbc.com/faq,0
https://netflix.com/contact,0
https://facebook.com,0
https://theguardian.com,0
https://nytimes.com/products,0
https://shopify.com/services,0
https://walmart.com/faq,0
https://microsoft.com/news,0
https://google.com/api/v1/users,0
https://theguardian.com/index.html,0
https://shopify.com/home,0
https://walmart.com/index.html,0
https://target.com/,0
https://instagram.com,0
https://ebay.com/api/v1/users?page=36,0
http://target.com/signup,0
https://walmart.com/settings,0
https://instagram.com/products,0
https://chase.com/blog?page=42,0
https://chase.com/index.html,0
https://github.com/services,0
https://amazon.com/help,0
https://youtube.com/profile,0
https://stackoverflow.com/help,0
https://instagram.com/login,0
https://instagram.com/help,0
https://twitter.com/index.html,0
https://twitter.com/login?page=36,0
https://wikipedia.org/about,0
http://linkedin.com/profile,0
https://walmart.com/help,0
https://reddit.com/dashboard,0
https://walmart.com/help,0
http://linkedin.com/about,0
https://medium.com/search,0
https://youtube.com/about?page=14,0
https://stackoverflow.com/contact?page=20,0
https://instagram.com/faq,0
https://target.com/settings,0
https://medium.com/help,0
https://theguardian.com/help,0
https://cnn.com/signup?page=83,0
https://ebay.com/blog?page=1,0
https://microsoft.com/signup?page=69,0
https://facebook.com/login,0
http://cnn.com/services,0
https://reddit.com/about,0
https://reddit.com/search,0
https://stackoverflow.com/settings,0
https://wikipedia.org/contact,0
https://instagram.com/services,0
https://instagram.com/settings?page=46,0
https://target.com/about,0
https://nytimes.com/signup,0
https://shopify.com/settings,0
https://bestbuy.com/?page=22,0
https://amazon.com/products,0
http://wellsfargo.com,0
https://netflix.com/api/v1/users,0
https://bankofamerica.com/home,0
https://facebook.com/help?page=30,0
https://apple.com/about,0
https://medium.com/news,0
https://instagram.com/news,0
https://wikipedia.org/blog?page=69,0
https://paypal.com/dashboard,0
https://wikipedia.org/signup,0
https://instagram.com/faq,0
https://bbc.com/settings,0
https://amazon.com/api/v1/users?page=14,0
https://cnn.com/home,0
https://bestbuy.com/faq,0
https://medium.com/about?page=37,0
https://medium.com/,0
https://bestbuy.com/products,0
https://target.com/index.html?page=13,0
https://theguardian.com/help,0
https://instagram.com/products,0
http://bankofamerica.com/services?page=20,0
http://medium.com/help,0
https://walmart.com/search,0
http://instagram.com/pricing,0
https://twitter.com/help,0
https://facebook.com/news?page=63,0
https://google.com/login,0
https://netflix.com/settings,0
http://wikipedia.org/,0
https://facebook.com/,0
https://stackoverflow.com/settings,0
https://nytimes.com/profile,0
https://facebook.com/profile?page=23,0
https://amazon.com/search,0
https://wellsfargo.com/support,0
https://linkedin.com/login?page=51,0
http://walmart.com/products,0
https://youtube.com/settings,0
https://bankofamerica.com/about?page=80,0
https://twitter.com/,0
https://microsoft.com/profile,0
https://linkedin.com/search,0
https://bankofamerica.com/contact,0
https://wikipedia.org/search,0
https://twitter.com/pricing,0
https://cnn.com/api/v1/users,0
https://instagram.com/profile,0
http://nytimes.com/services,0
https://bestbuy.com/help?page=52,0
http://bankofamerica.com/index.html,0
https://medium.com/products,0
https://microsoft.com/about,0
https://facebook.com/blog,0
https://instagram.com/blog,0
https://microsoft.com/services,0
https://target.com/products,0
https://nytimes.com/settings,0
https://apple.com/settings,0
https://reddit.com/settings,0
https://bbc.com/?page=60,0
https://wikipedia.org/contact?page=72,0
https://youtube.com/about,0
https://apple.com/signup,0
https://theguardian.com/help,0
https://reddit.com/index.html,0
https://wikipedia.org/index.html,0
https://paypal.com/dashboard,0
https://bestbuy.com/support,0
https://target.com/search,0
https://instagram.com/about,0
https://bankofamerica.com/settings,0
https://paypal.com/news,0
https://reddit.com/api/v1/users,0
https://instagram.com/index.html,0
https://youtube.com/home,0
https://paypal.com/,0
https://netflix.com/search,0
https://reddit.com?page=5,0
https://facebook.com/api/v1/users,0
https://instagram.com/home,0
https://microsoft.com/blog?page=49,0
https://target.com/index.html,0
https://bbc.com/profile,0
https://apple.com/search,0
https://linkedin.com/pricing?page=33,0
https://google.com/contact,0
https://github.com/help,0
http://shopify.com/support,0
https://walmart.com/home,0
http://apple.com/faq,0
https://twitter.com/about,0
https://apple.com/search,0
https://shopify.com/api/v1/users,0
http://twitter.com/products?page=64,0
https://bankofamerica.com/signup,0
https://facebook.com/help,0
https://cnn.com/api/v1/users,0
https://bankofamerica.com/blog,0
https://linkedin.com/index.html?page=45,0
https://chase.com/home?page=59,0
https://facebook.com/profile,0
https://amazon.com/help,0
https://walmart.com,0
https://microsoft.com/faq,0
https://stackoverflow.com/login?page=1,0
https://bbc.com/profile,0
https://cnn.com/about,0
https://stackoverflow.com/blog?page=95,0
https://stackoverflow.com/products,0
https://wikipedia.org/pricing?page=16,0
http://linkedin.com/faq,0
https://youtube.com/faq,0
https://youtube.com,0
https://google.com/faq,0
https://apple.com/dashboard?page=82,0
https://wellsfargo.com/news,0
https://microsoft.com/support?page=48,0
https://stackoverflow.com/news?page=28,0
https://netflix.com,0
https://wikipedia.org/services,0
https://walmart.com/news?page=7,0
https://ebay.com/settings,0
https://amazon.com/contact,0
https://bbc.com/help?page=95,0
https://github.com/blog,0
https://bbc.com/services,0
http://medium.com/dashboard,0
https://reddit.com/faq,0
https://cnn.com/about,0
https://twitter.com,0
https://chase.com/about,0
https://ebay.com/pricing,0
http://theguardian.com/api/v1/users,0
https://amazon.com/help,0
https://paypal.com/services,0
https://ebay.com/,0
https://shopify.com/support,0
https://instagram.com/contact,0
http://wikipedia.org/services,0
http://theguardian.com/dashboard,0
https://amazon.com/search,0
https://instagram.com/signup,0
http://netflix.com/settings,0
https://apple.com/support,0
https://twitter.com/support,0
https://ebay.com/help,0
https://theguardian.com/signup,0
http://linkedin.com/blog,0
https://microsoft.com/help,0
https://chase.com/products,0
https://microsoft.com/index.html?page=10,0
https://netflix.com/news,0
https://target.com/search,0
https://ebay.com/news,0
https://wellsfargo.com/settings,0
https://shopify.com/search,0
https://paypal.com,0
https://medium.com/services,0
https://nytimes.com/signup,0
https://instagram.com/products?page=62,0
http://amazon.com/home?page=18,0
https://wellsfargo.com/signup,0
https://github.com/news,0
https://bankofamerica.com/signup,0
https://bbc.com/blog,0
https://facebook.com/api/v1/users,0
https://youtube.com/faq,0
http://github.com/support,0
https://bestbuy.com/search,0
https://stackoverflow.com,0
https://ebay.com/?page=2,0
https://facebook.com/pricing,0
https://microsoft.com/services,0
https://google.com/index.html,0
http://medium.com/news?page=83,0
https://paypal.com/search,0
https://google.com/about,0
http://stackoverflow.com/faq,0
https://stackoverflow.com/blog?page=71,0
https://instagram.com/contact?page=75,0
http://reddit.com/login,0
https://youtube.com/blog,0
http://bestbuy.com/settings,0
https://reddit.com/settings,0
https://shopify.com/news,0
https://reddit.com/home,0
https://ebay.com/login,0
https://bankofamerica.com/search,0
https://walmart.com/products,0
https://paypal.com,0
https://bankofamerica.com/dashboard,0
https://cnn.com,0
https://linkedin.com/news,0
https://reddit.com/signup,0
https://ebay.com/services,0
https://microsoft.com/signup,0
https://stackoverflow.com/products,0
https://linkedin.com/search,0
https://amazon.com/search?page=67,0
https://cnn.com,0
https://bankofamerica.com/index.html,0
https://instagram.com/home?page=9,0
https://apple.com/support,0
https://cnn.com/help,0
https://paypal.com/settings,0
https://cnn.com/home,0
https://apple.com/support,0
https://medium.com/faq,0
https://bankofamerica.com/products,0
https://bbc.com/pricing,0
http://shopify.com/services,0
https://paypal.com/faq?page=82,0
https://chase.com/services,0
https://microsoft.com/help,0
https://instagram.com/signup?page=36,0
https://github.com,0
https://apple.com/support,0
https://github.com/faq,0
https://reddit.com/blog?page=3,0
https://paypal.com/login,0
https://google.com/dashboard,0
https://bankofamerica.com/profile,0
https://facebook.com/index.html,0
https://walmart.com/api/v1/users,0
https://bankofamerica.com/news,0
https://bbc.com/,0
https://youtube.com/signup,0
https://theguardian.com/pricing?page=71,0
https://amazon.com/contact,0
https://cnn.com/settings,0
https://amazon.com/dashboard,0
https://linkedin.com/products,0
https://target.com/pricing,0
https://wikipedia.org/profile,0
https://bbc.com/services?page=6,0
https://instagram.com/signup,0
https://linkedin.com/signup,0
http://chase.com/search,0
https://stackoverflow.com/services?page=60,0
https://google.com/news,0
https://theguardian.com/services,0
https://wellsfargo.com/login,0
https://instagram.com/pricing,0
https://reddit.com/products,0
https://wellsfargo.com/products,0
https://bestbuy.com/about?page=3,0
https://shopify.com/pricing?page=4,0
https://wellsfargo.com/contact,0
https://cnn.com/api/v1/users?page=29,0
https://linkedin.com/home,0
https://microsoft.com/products,0
https://paypal.com/settings,0
https://github.com/settings,0
https://stackoverflow.com/faq,0
https://medium.com/help,0
https://apple.com/home,0
https://paypal.com/faq,0
https://amazon.com/home,0
https://target.com/help?page=82,0
https://linkedin.com/pricing,0
https://target.com/settings?page=74,0
https://apple.com/about,0
https://youtube.com/?page=56,0
https://apple.com/profile,0
https://amazon.com/login,0
http://cnn.com/signup,0
https://apple.com/profile,0
https://shopify.com/support,0
https://microsoft.com/settings?page=88,0
https://microsoft.com/support,0
https://github.com/services,0
https://twitter.com/login?page=11,0
https://microsoft.com/faq,0
https://google.com/pricing,0
https://wellsfargo.com/settings,0
https://netflix.com/services,0
https://ebay.com/help,0
https://cnn.com/news,0
https://target.com/signup,0
https://youtube.com/support,0
https://ebay.com/about,0
https://youtube.com/index.html,0
https://paypal.com/home,0
https://cnn.com/pricing?page=59,0
https://microsoft.com/news?page=33,0
https://bbc.com/contact,0
https://instagram.com/about,0
https://ebay.com/blog,0
https://wikipedia.org/about,0
https://cnn.com/help,0
https://instagram.com/news,0
https://bestbuy.com/index.html,0
https://cnn.com/blog,0
https://medium.com/index.html,0
https://instagram.com/settings,0
https://paypal.com/dashboard?page=71,0
https://nytimes.com/services,0
https://wellsfargo.com/help,0
http://cnn.com/about,0
https://reddit.com/faq,0
https://medium.com/pricing,0
https://paypal.com/home,0
https://wellsfargo.com/settings?page=67,0
https://medium.com/about,0
https://paypal.com/about,0
https://bankofamerica.com/news,0
http://nytimes.com/news,0
https://youtube.com/home,0
https://github.com/search,0
https://bestbuy.com/home,0
https://github.com/signup,0
https://github.com/services?page=81,0
http://walmart.com/api/v1/users,0
https://instagram.com/settings,0
http://reddit.com/services,0
https://nytimes.com/services?page=7,0
https://shopify.com/faq,0
https://facebook.com/help,0
https://target.com/news,0
http://microsoft.com/news,0
https://bankofamerica.com/pricing,0
https://bbc.com/search,0
https://chase.com/products,0
https://chase.com/index.html,0
https://bbc.com/news,0
https://theguardian.com/login,0
https://facebook.com/products,0
https://nytimes.com/profile?page=37,0
https://microsoft.com/about,0
http://amazon.com/news,0
https://linkedin.com/help,0
https://medium.com/services?page=20,0
https://google.com,0
http://stackoverflow.com/services,0
https://reddit.com/help?page=16,0
https://apple.com/support?page=56,0
https://bbc.com/,0
https://instagram.com/blog,0
https://bankofamerica.com/pricing,0
https://walmart.com/news,0
https://youtube.com/profile?page=98,0
http://paypal.com/settings,0
https://reddit.com/signup,0
https://theguardian.com/search?page=9,0
https://github.com/login,0
http://paypal.com/news,0
https://wikipedia.org/help,0
https://wellsfargo.com/login,0
http://shopify.com/?page=43,0
http://wikipedia.org/faq,0
https://nytimes.com/search?page=49,0
https://wikipedia.org/,0
https://ebay.com/settings,0
https://medium.com/index.html,0
https://wellsfargo.com/search,0
http://bestbuy.com/help,0
https://netflix.com/index.html,0
https://bankofamerica.com/news,0
https://microsoft.com/search,0
https://paypal.com/pricing?page=79,0
https://reddit.com/login,0
https://google.com/faq,0
https://netflix.com/dashboard,0
https://facebook.com/services?page=22,0
https://facebook.com/blog,0
https://medium.com/index.html,0
https://wikipedia.org/help?page=44,0
http://walmart.com/blog,0
https://apple.com/dashboard,0
https://reddit.com/index.html,0
https://microsoft.com/search,0
https://cnn.com/profile,0
https://linkedin.com,0
https://linkedin.com/search,0
https://chase.com/pricing,0
http://wikipedia.org/dashboard,0
https://netflix.com/,0
https://wellsfargo.com/api/v1/users?page=76,0
https://walmart.com,0
https://youtube.com/services?page=82,0
https://target.com/index.html,0
http://wellsfargo.com/index.html,0
https://walmart.com?page=33,0
https://wellsfargo.com/index.html,0
https://stackoverflow.com/support?page=87,0
https://twitter.com/signup,0
https://instagram.com/login?page=62,0
https://netflix.com/search?page=26,0
https://paypal.com/services,0
https://wellsfargo.com/contact,0
https://bestbuy.com/blog,0
https://nytimes.com/faq,0
https://netflix.com/about?page=69,0
https://twitter.com/pricing,0
https://stackoverflow.com,0
https://ebay.com/pricing,0
https://bankofamerica.com,0
https://walmart.com/pricing,0
https://wellsfargo.com/blog,0
https://amazon.com/help,0
https://medium.com/blog,0
https://instagram.com/services?page=58,0
https://target.com/login,0
https://cnn.com/faq,0
https://facebook.com/home,0
https://reddit.com/help?page=51,0
https://facebook.com/index.html?page=85,0
https://youtube.com/contact,0
https://bbc.com/profile,0
https://bestbuy.com/blog,0
https://shopify.com/search,0
https://cnn.com/services,0
https://youtube.com/index.html,0
http://twitter.com/search?page=15,0
https://paypal.com/settings,0
https://shopify.com/login?page=84,0
https://target.com/home,0
https://stackoverflow.com/contact,0
https://google.com/news?page=17,0
https://cnn.com/about,0
https://shopify.com/signup,0
https://netflix.com/support,0
https://medium.com/products,0
https://wikipedia.org/profile,0
https://wikipedia.org/services,0
http://bestbuy.com/contact?page=76,0
https://reddit.com/home,0
https://netflix.com/index.html,0
https://paypal.com/products,0
https://apple.com/support,0
https://nytimes.com/dashboard,0
https://google.com/services,0
http://linkedin.com/index.html,0
https://wikipedia.org/,0
https://ebay.com/faq,0
https://amazon.com/support,0
https://bankofamerica.com/blog,0
https://medium.com/news,0
https://theguardian.com/services,0
https://apple.com/products?page=97,0
https://bestbuy.com/blog?page=41,0
https://target.com/search,0
https://microsoft.com/login?page=5,0
http://microsoft.com/profile,0
https://theguardian.com/about,0
http://cnn.com/home,0
https://paypal.com/support,0
https://shopify.com/signup?page=16,0
https://bankofamerica.com/contact?page=95,0
http://paypal.com/login,0
http://walmart.com/blog,0
https://wellsfargo.com/faq,0
https://facebook.com/blog,0
https://walmart.com/home,0
https://bankofamerica.com/products,0
https://github.com/signup,0
http://netflix.com/products?page=58,0
http://stackoverflow.com,0
https://bestbuy.com/index.html?page=81,0
https://linkedin.com/login?page=24,0
https://target.com/services,0
https://cnn.com/support,0
https://ebay.com/help,0
https://reddit.com/,0
https://ebay.com/about?page=80,0
https://walmart.com/about,0
https://bbc.com/blog,0
http://cnn.com/support,0
https://shopify.com/login,0
https://google.com/home,0
http://wikipedia.org/search,0
https://wellsfargo.com/help,0
https://target.com/login,0
https://amazon.com/pricing,0
https://netflix.com,0
https://reddit.com/support,0
https://microsoft.com/pricing?page=75,0
https://wikipedia.org/search,0
https://walmart.com/index.html?page=54,0
https://google.com/login?page=48,0
https://stackoverflow.com/profile,0
https://twitter.com/index.html,0
https://walmart.com/help,0
https://wikipedia.org/index.html,0
https://bestbuy.com/news?page=87,0
https://ebay.com/search?page=96,0
http://nytimes.com/support,0
https://youtube.com,0
https://theguardian.com/pricing,0
http://bbc.com/services,0
https://netflix.com/products,0
https://nytimes.com/index.html?page=6,0
https://bbc.com/api/v1/users,0
https://medium.com/blog,0
https://cnn.com/signup,0
https://facebook.com/contact,0
https://netflix.com/help,0
https://bankofamerica.com/login,0
http://bankofamerica.com/api/v1/users,0
http://target.com/pricing,0
https://bestbuy.com/help,0
https://theguardian.com/faq,0
https://walmart.com/,0
https://netflix.com/services?page=98,0
https://chase.com/search,0
https://linkedin.com/,0
https://stackoverflow.com/products,0
https://reddit.com/help,0
https://cnn.com/login?page=61,0
https://cnn.com/dashboard,0
https://paypal.com/support,0
https://amazon.com/search?page=23,0
https://theguardian.com/faq?page=81,0
https://bestbuy.com/products,0
https://cnn.com/signup,0
https://bankofamerica.com/api/v1/users,0
https://theguardian.com/contact,0
https://microsoft.com/signup?page=70,0
https://nytimes.com/about,0
https://twitter.com/home,0
https://paypal.com/products,0
https://nytimes.com/,0
https://google.com/about,0
https://theguardian.com/signup?page=36,0
https://amazon.com/about,0
https://amazon.com/index.html?page=83,0
https://walmart.com/help,0
https://wikipedia.org/products,0
https://apple.com/dashboard?page=80,0
https://instagram.com/,0
https://instagram.com/dashboard,0
http://walmart.com/help?page=21,0
http://facebook.com/news,0
http://apple.com/contact,0
http://apple.com,0
https://instagram.com/api/v1/users,0
https://chase.com/blog?page=67,0
https://bestbuy.com/api/v1/users,0
https://target.com/settings,0
https://wellsfargo.com,0
https://facebook.com/index.html,0
https://ebay.com/settings,0
https://medium.com/index.html,0
https://twitter.com/faq,0
https://bbc.com/home?page=33,0
https://linkedin.com/products,0
https://paypal.com/news,0
https://wellsfargo.com/pricing?page=29,0
https://linkedin.com,0
http://nytimes.com,0
http://google.com/news,0
https://amazon.com/contact,0
https://youtube.com/news,0
https://reddit.com/settings,0
https://github.com/settings,0
https://netflix.com/profile,0
https://chase.com/support?page=47,0
http://wellsfargo.com/services,0
https://facebook.com/api/v1/users,0
https://theguardian.com/products,0
https://bestbuy.com/home,0
https://target.com/blog,0
https://bestbuy.com/contact,0
https://paypal.com/news?page=2,0
https://chase.com/settings,0
https://facebook.com/products,0
https://wellsfargo.com/profile,0
https://amazon.com/index.html,0
https://wellsfargo.com/contact,0
https://instagram.com/api/v1/users?page=31,0
https://nytimes.com/support,0
https://chase.com/contact,0
https://nytimes.com/support,0
https://amazon.com/support,0
https://bankofamerica.com/products,0
https://google.com/blog,0
http://bankofamerica.com/profile,0
https://bestbuy.com/home,0
https://stackoverflow.com/,0
https://stackoverflow.com/about?page=46,0
https://nytimes.com/home?page=36,0
https://bestbuy.com/contact?page=56,0
https://instagram.com/settings,0
https://instagram.com/login,0
https://youtube.com/search,0
https://target.com/about?page=81,0
http://chase.com/pricing,0
https://paypal.com/help,0
https://reddit.com/index.html,0
https://paypal.com/pricing?page=78,0
https://stackoverflow.com/blog?page=82,0
https://reddit.com/home,0
https://google.com/faq?page=86,0
https://nytimes.com/faq,0
https://bestbuy.com/home,0
https://medium.com/settings,0
https://netflix.com/settings,0
https://microsoft.com/index.html,0
https://cnn.com/dashboard,0
https://nytimes.com/settings,0
https://instagram.com/settings?page=31,0
https://apple.com/products,0
https://google.com/index.html,0
https://instagram.com,0
https://google.com/home,0
https://stackoverflow.com/services,0
https://bestbuy.com/services?page=27,0
https://paypal.com/api/v1/users,0
https://linkedin.com/?page=72,0
https://twitter.com/blog,0
https://ebay.com/login,0
https://medium.com/signup,0
https://bbc.com/dashboard,0
https://wellsfargo.com/products,0
https://bbc.com/about,0
https://target.com/contact?page=68,0
https://instagram.com/,0
https://bbc.com/,0
https://ebay.com/signup,0
https://bbc.com/index.html,0
https://twitter.com/profile,0
http://ebay.com/api/v1/users?page=19,0
https://apple.com,0
https://instagram.com/profile,0
https://apple.com,0
https://wellsfargo.com/login,0
https://github.com/profile,0
http://youtube.com/search,0
https://twitter.com/help,0
https://paypal.com/home,0
https://linkedin.com/,0
https://amazon.com/contact?page=76,0
https://facebook.com?page=28,0
https://google.com/support,0
http://bestbuy.com/products?page=74,0
https://target.com/login,0
https://netflix.com/news,0
https://wellsfargo.com/blog,0
https://bbc.com/pricing,0
https://walmart.com/signup?page=16,0
https://wikipedia.org/news,0
https://netflix.com/products,0
https://google.com/dashboard?page=43,0
https://apple.com/home?page=22,0
https://medium.com/support,0
https://apple.com/about?page=98,0
https://stackoverflow.com/support,0
https://target.com/blog,0
https://linkedin.com/search,0
https://youtube.com/signup,0
https://bbc.com/dashboard,0
https://reddit.com/help,0
https://medium.com/signup,0
https://github.com/home,0
http://nytimes.com/search,0
http://stackoverflow.com/about,0
https://cnn.com/login?page=53,0
https://instagram.com/help?page=28,0
https://theguardian.com/products,0
https://microsoft.com/contact,0
https://instagram.com/about,0
https://twitter.com/login,0
https://ebay.com/about?page=81,0
https://walmart.com/dashboard,0
https://medium.com/,0
https://theguardian.com/about?page=93,0
https://microsoft.com/search?page=51,0
https://facebook.com/settings,0
https://cnn.com/settings,0
https://chase.com/,0
https://cnn.com/pricing,0
https://shopify.com/pricing?page=5,0
https://ebay.com/help,0
https://bestbuy.com/pricing,0
https://twitter.com/profile,0
https://netflix.com/index.html,0
https://medium.com/home,0
https://netflix.com/api/v1/users,0
https://target.com/support,0
https://wellsfargo.com/home,0
http://amazon.com/profile,0
http://paypal.com/support,0
https://wellsfargo.com/login,0
http://shopify.com/index.html,0
https://stackoverflow.com/pricing?page=67,0
https://facebook.com/pricing,0
https://ebay.com/home?page=67,0
https://walmart.com/services?page=68,0
https://wikipedia.org/pricing,0
https://facebook.com/news,0
https://apple.com/signup,0
https://paypal.com/api/v1/users?page=74,0
https://youtube.com/login,0
https://medium.com/home,0
https://target.com,0
https://facebook.com/about,0
https://amazon.com/services?page=7,0
https://netflix.com/index.html,0
https://wikipedia.org/api/v1/users,0
https://stackoverflow.com/help,0
https://shopify.com/dashboard,0
https://facebook.com/about,0
https://wellsfargo.com/,0
http://bbc.com/,0
https://google.com/products,0
https://walmart.com/help,0
https://theguardian.com/signup?page=77,0
https://stackoverflow.com/index.html,0
https://amazon.com/api/v1/users?page=75,0
https://chase.com/home,0
https://walmart.com/services,0
https://bankofamerica.com/,0
https://bankofamerica.com/api/v1/users,0
https://twitter.com/api/v1/users?page=86,0
https://theguardian.com/settings,0
https://chase.com/settings,0
https://bankofamerica.com/api/v1/users?page=82,0
https://shopify.com/profile?page=88,0
https://medium.com/news,0
https://netflix.com/home,0
https://ebay.com/api/v1/users,0
https://cnn.com/login?page=94,0
https://medium.com/search,0
http://stackoverflow.com/about,0
https://facebook.com/contact,0
https://bbc.com/signup?page=8,0
https://medium.com/profile,0
https://paypal.com/faq,0
http://amazon.com/,0
https://instagram.com/search?page=91,0
https://youtube.com/signup,0
https://instagram.com/support,0
https://paypal.com/login?page=82,0
https://nytimes.com/services?page=23,0
https://reddit.com/profile,0
https://nytimes.com/blog,0
https://amazon.com/index.html,0
https://wikipedia.org/services,0
https://facebook.com/help,0
https://linkedin.com/contact,0
https://chase.com/,0
http://instagram.com/home,0
https://medium.com/contact,0
https://microsoft.com/index.html,0
http://amazon.com/contact?page=49,0
https://paypal.com/about,0
http://youtube.com/profile?page=87,0
http://theguardian.com/contact,0
https://wellsfargo.com/login,0
https://shopify.com/settings,0
https://twitter.com/home,0
https://instagram.com/pricing,0
https://bestbuy.com/faq,0
https://reddit.com/login,0
https://stackoverflow.com/pricing,0
https://google.com/support,0
https://walmart.com/blog,0
http://target.com/dashboard,0
http://ebay.com/help,0
https://bestbuy.com/,0
https://wellsfargo.com/faq,0
https://youtube.com/home,0
https://wikipedia.org/dashboard,0
https://facebook.com/home,0
https://theguardian.com/home,0
https://bankofamerica.com/,0
https://facebook.com/products,0
https://youtube.com/login,0
https://nytimes.com/pricing?page=66,0
http://target.com/help,0
https://walmart.com/about,0
https://wikipedia.org/blog,0
https://linkedin.com/api/v1/users,0
https://shopify.com/pricing,0
https://twitter.com/api/v1/users?page=33,0
https://apple.com,0
http://wikipedia.org/support?page=22,0
https://facebook.com/home?page=12,0
https://ebay.com/blog?page=40,0
https://microsoft.com/search?page=74,0
https://amazon.com/,0
https://ebay.com/login,0
https://twitter.com/,0
https://github.com/help,0
http://netflix.com/support,0
https://twitter.com/profile,0
https://bbc.com/pricing,0
https://stackoverflow.com/blog,0
https://linkedin.com/support,0
https://apple.com/search,0
https://github.com/profile,0
http://target.com/profile?page=83,0
https://linkedin.com/contact,0
https://cnn.com/pricing,0
https://theguardian.com/signup,0
https://shopify.com/pricing,0
https://target.com/index.html?page=20,0
https://nytimes.com/blog,0
https://bankofamerica.com/contact,0
https://amazon.com/pricing,0
https://youtube.com/contact?page=18,0
https://nytimes.com/news,0
https://wikipedia.org/api/v1/users?page=58,0
http://google.com/api/v1/users?page=20,0
https://bbc.com/about,0
http://youtube.com/faq,0
https://medium.com/news,0
https://bestbuy.com/api/v1/users,0
https://linkedin.com/search?page=26,0
https://youtube.com,0
https://twitter.com/help,0
https://shopify.com/settings?page=42,0
https://linkedin.com/login?page=38,0
https://paypal.com/about,0
https://linkedin.com/faq,0
https://youtube.com/profile,0
https://bestbuy.com/products,0
https://wellsfargo.com/contact,0
https://nytimes.com/products,0
https://cnn.com/news,0
http://chase.com?page=77,0
https://target.com/products?page=18,0
https://twitter.com/help,0
https://amazon.com,0
https://chase.com,0
https://paypal.com/pricing,0
https://netflix.com/news,0
https://medium.com,0
https://amazon.com/signup,0
https://microsoft.com/index.html?page=84,0
https://chase.com/products,0
https://github.com/pricing?page=15,0
https://twitter.com/profile,0
https://microsoft.com/services,0
https://shopify.com/home,0
https://theguardian.com/signup,0
https://cnn.com/index.html,0
https://youtube.com/api/v1/users,0
https://target.com/help,0
https://bbc.com/services,0
https://wikipedia.org/api/v1/users,0
https://wellsfargo.com/login?page=35,0
https://bbc.com/profile?page=79,0
https://chase.com/news,0
https://walmart.com/,0
https://theguardian.com/news?page=77,0
http://amazon.com/settings,0
https://facebook.com/pricing,0
https://bankofamerica.com/signup,0
http://bestbuy.com/,0
https://netflix.com/index.html,0
https://google.com/dashboard,0
https://target.com/,0
https://apple.com?page=97,0
https://medium.com/support,0
https://cnn.com/support?page=73,0
https://bbc.com/signup,0
https://bestbuy.com/index.html,0
https://medium.com/dashboard?page=23,0
https://ebay.com/profile,0
https://apple.com/settings,0
https://chase.com/home,0
http://amazon.com/help,0
https://facebook.com,0
https://walmart.com/profile,0
https://apple.com/home,0
https://facebook.com/help?page=98,0
http://target.com/blog,0
https://shopify.com/index.html,0
https://bestbuy.com/services,0
https://theguardian.com/login,0
https://reddit.com,0
https://google.com/profile,0
https://amazon.com/about,0
https://wellsfargo.com/contact,0
https://bbc.com?page=22,0
https://wellsfargo.com/help?page=60,0
https://google.com/help,0
http://theguardian.com/signup,0
https://ebay.com/profile,0
https://wellsfargo.com/,0
https://bbc.com/services,0
https://target.com/about,0
https://paypal.com,0
https://medium.com/pricing?page=91,0
https://theguardian.com/dashboard,0
https://paypal.com/help,0
https://walmart.com,0
https://cnn.com/contact?page=11,0
https://shopify.com/news,0
https://reddit.com/blog,0
https://github.com/blog?page=69,0
https://youtube.com/api/v1/users?page=90,0
https://cnn.com/index.html,0
https://amazon.com/home,0
https://stackoverflow.com/services,0
https://paypal.com/pricing,0
https://stackoverflow.com,0
https://linkedin.com/index.html,0
https://cnn.com/,0
https://wikipedia.org/pricing?page=56,0
https://twitter.com/index.html?page=69,0
http://bestbuy.com/about,0
https://stackoverflow.com/settings,0
https://target.com/api/v1/users,0
https://apple.com/products?page=80,0
https://ebay.com/faq,0
https://twitter.com,0
https://microsoft.com/products,0
https://linkedin.com/dashboard,0
https://wikipedia.org/signup,0
https://shopify.com/support?page=12,0
https://github.com/profile,0
https://chase.com/profile,0
https://cnn.com/login?page=11,0
https://bestbuy.com/contact,0
https://ebay.com/dashboard,0
https://cnn.com/faq,0
https://microsoft.com/dashboard,0
https://bestbuy.com/faq?page=51,0
https://reddit.com/index.html,0
https://target.com,0
https://bankofamerica.com/faq,0
https://walmart.com/api/v1/users,0
https://instagram.com/contact,0
https://google.com/support,0
https://bestbuy.com/news?page=30,0
http://ebay.com/products?page=51,0
https://medium.com/signup?page=37,0
https://target.com/pricing,0
https://instagram.com/profile,0
https://cnn.com/index.html,0
https://bankofamerica.com/support,0
https://github.com/blog,0
http://bbc.com/home,0
http://nytimes.com/index.html,0
https://apple.com/profile?page=6,0
https://nytimes.com/services,0
http://nytimes.com/login,0
https://medium.com/blog,0
https://theguardian.com/login,0
https://cnn.com/settings?page=72,0
https://instagram.com/settings,0
https://google.com/pricing,0
https://bestbuy.com/index.html,0
https://ebay.com/faq,0
https://medium.com?page=37,0
https://theguardian.com/support,0
https://bankofamerica.com/help?page=50,0
https://google.com/pricing,0
https://linkedin.com/news?page=43,0
https://twitter.com/faq?page=63,0
https://paypal.com/services,0
https://paypal.com/index.html,0
https://youtube.com,0
https://bankofamerica.com/profile?page=75,0
https://nytimes.com/dashboard,0
https://google.com/faq?page=85,0
https://twitter.com/contact,0
https://twitter.com/home,0
https://bankofamerica.com?page=4,0
https://theguardian.com/index.html,0
https://wikipedia.org/dashboard,0
https://google.com/?page=87,0
https://shopify.com/index.html?page=6,0
https://netflix.com/dashboard?page=67,0
https://instagram.com/support,0
https://theguardian.com/home,0
https://ebay.com/login,0
http://stackoverflow.com/profile,0
https://paypal.com/index.html,0
https://bestbuy.com/about?page=82,0
https://facebook.com/search,0
https://amazon.com/faq,0
https://target.com/signup,0
https://twitter.com/services,0
https://ebay.com/home,0
https://paypal.com/news?page=73,0
https://walmart.com/contact,0
https://bestbuy.com/support,0
https://bankofamerica.com/pricing,0
https://linkedin.com/contact,0
https://wellsfargo.com/index.html,0
https://chase.com/api/v1/users?page=92,0
https://theguardian.com/search,0
http://shopify.com/dashboard,0
https://youtube.com/profile?page=96,0
https://reddit.com/search,0
https://facebook.com/login?page=87,0
https://theguardian.com/services,0
https://cnn.com/products,0
https://github.com/dashboard,0
https://instagram.com/index.html,0
https://wellsfargo.com/api/v1/users,0
https://twitter.com/settings,0
http://nytimes.com/help?page=88,0
https://twitter.com?page=17,0
https://shopify.com/,0
https://amazon.com/news,0
http://chase.com/signup,0
https://instagram.com/index.html,0
https://wellsfargo.com/services,0
https://google.com/support,0
https://twitter.com/signup,0
https://twitter.com/api/v1/users,0
https://wellsfargo.com/index.html?page=61,0
http://bestbuy.com/settings?page=31,0
https://bbc.com/dashboard,0
https://stackoverflow.com/products,0
https://microsoft.com/services?page=34,0
http://youtube.com/search,0
https://shopify.com/about?page=38,0
https://apple.com/,0
https://nytimes.com/signup?page=94,0
https://bbc.com/faq,0
https://paypal.com/about?page=93,0
https://amazon.com/pricing,0
http://target.com/about,0
https://apple.com/faq,0
https://twitter.com/login,0
https://bestbuy.com/home,0
https://netflix.com/news,0
https://paypal.com/login?page=44,0
https://target.com/news,0
https://wellsfargo.com/help,0
https://ebay.com/support,0
https://apple.com/news,0
https://shopify.com/api/v1/users,0
https://bestbuy.com/support,0
https://microsoft.com/faq,0
https://linkedin.com/services,0
https://twitter.com/faq,0
https://twitter.com/login,0
https://bestbuy.com/?page=30,0
https://bbc.com/news,0
https://reddit.com/about,0
https://google.com/search,0
https://microsoft.com/login,0
http://youtube.com/support,0
https://nytimes.com/login,0
https://target.com/products,0
https://target.com/home?page=45,0
https://paypal.com/home,0
https://bbc.com?page=92,0
https://target.com/pricing,0
https://reddit.com/index.html,0
https://bankofamerica.com/?page=58,0
https://ebay.com/contact?page=16,0
http://amazon.com/home,0
http://apple.com/news?page=78,0
https://chase.com/search,0
https://bbc.com/api/v1/users,0
https://netflix.com/dashboard,0
https://chase.com/dashboard?page=84,0
https://bestbuy.com/api/v1/users,0
https://bbc.com/login,0
https://ebay.com/signup,0
https://google.com/api/v1/users,0
https://bestbuy.com/help,0
https://stackoverflow.com/blog?page=60,0
https://target.com/,0
https://ebay.com/help,0
https://medium.com/profile?page=99,0
https://bbc.com/home?page=41,0
http://cnn.com/home,0
https://github.com/login,0
https://bbc.com/products,0
https://cnn.com/profile,0
https://google.com/blog,0
https://nytimes.com/pricing?page=89,0
https://github.com/about,0
https://cnn.com/products,0
https://bankofamerica.com/news?page=46,0
https://theguardian.com/,0
http://target.com/faq,0
http://walmart.com/contact,0
https://google.com/search,0
https://wellsfargo.com/index.html,0
https://bbc.com/pricing,0
https://bankofamerica.com/pricing,0
https://ebay.com/blog,0
https://medium.com/home,0
https://bbc.com/support,0
https://google.com/api/v1/users,0
https://youtube.com/help,0
https://medium.com/about,0
https://microsoft.com/login,0
https://target.com/services?page=71,0
https://wikipedia.org/blog,0
https://twitter.com/profile,0
https://stackoverflow.com/api/v1/users?page=69,0
https://facebook.com/about,0
https://shopify.com/settings,0
https://nytimes.com/contact,0
https://walmart.com/search,0
http://bbc.com/dashboard,0
https://netflix.com/login,0
https://reddit.com/settings,0
http://bestbuy.com/contact,0
https://nytimes.com/signup,0
https://bbc.com/home,0
https://chase.com/index.html,0
https://microsoft.com/search,0
http://target.com/support,0
https://target.com/support?page=67,0
https://apple.com/settings,0
https://github.com/profile?page=88,0
https://linkedin.com/,0
https://theguardian.com/help,0
https://medium.com/support,0
https://wikipedia.org/contact,0
https://nytimes.com/pricing,0
https://google.com/login,0
https://stackoverflow.com/blog,0
http://bankofamerica.com/help?page=88,0
https://chase.com/dashboard,0
https://theguardian.com/?page=94,0
https://target.com/search,0
https://netflix.com/profile,0
http://medium.com/blog?page=94,0
https://bbc.com/about,0
https://apple.com/faq,0
https://target.com/settings,0
https://bbc.com/search,0
https://apple.com/settings,0
https://twitter.com/profile,0
https://walmart.com/help,0
https://cnn.com/,0
http://facebook.com/home,0
https://shopify.com/?page=51,0
https://instagram.com/contact,0
https://github.com,0
https://youtube.com/,0
https://netflix.com/faq?page=82,0
https://youtube.com/news,0
https://wellsfargo.com/services?page=36,0
https://medium.com/profile,0
https://ebay.com/products,0
http://ebay.com,0
https://paypal.com/profile,0
https://youtube.com/blog,0
https://ebay.com/services?page=66,0
https://nytimes.com/home,0
https://amazon.com/home,0
http://twitter.com/api/v1/users,0
https://instagram.com/products,0
http://theguardian.com/pricing,0
https://instagram.com/index.html?page=4,0
https://wellsfargo.com/blog,0
https://facebook.com/contact,0
https://netflix.com/settings,0
https://theguardian.com?page=59,0
https://facebook.com/help,0
https://walmart.com,0
https://youtube.com/products?page=18,0
http://amazon.com/help,0
https://netflix.com/?page=79,0
https://bestbuy.com/about,0
https://shopify.com/api/v1/users,0
https://bankofamerica.com/faq,0
https://wellsfargo.com/faq?page=25,0
https://youtube.com/services,0
https://theguardian.com/news,0
https://reddit.com/products,0
https://netflix.com/api/v1/users,0
http://bestbuy.com/signup?page=73,0
https://paypal.com/services,0
https://paypal.com/blog,0
https://amazon.com/about?page=25,0
https://github.com/search,0
https://twitter.com/contact,0
https://target.com/signup?page=16,0
https://apple.com/products,0
https://netflix.com/news,0
https://wellsfargo.com/pricing,0
https://github.com/login,0
http://wikipedia.org/services,0
https://wellsfargo.com/news,0
https://linkedin.com/services,0
https://stackoverflow.com/support,0
https://instagram.com/services,0
https://nytimes.com/search,0
https://google.com/products?page=34,0
https://wellsfargo.com/api/v1/users,0
https://stackoverflow.com/faq?page=18,0
https://instagram.com/blog,0
https://bestbuy.com/services,0
https://ebay.com/search?page=50,0
https://cnn.com/profile,0
https://instagram.com/products,0
https://wellsfargo.com/blog,0
https://youtube.com/contact,0
https://microsoft.com/contact,0
https://nytimes.com/about,0
https://bestbuy.com/api/v1/users,0
https://target.com/home,0
https://bbc.com/search,0
https://cnn.com/news,0
https://twitter.com/support,0
https://bestbuy.com/search?page=61,0
https://wikipedia.org/services?page=21,0
https://bankofamerica.com/settings,0
https://reddit.com/news,0
https://microsoft.com/profile,0
https://amazon.com/login?page=31,0
http://bankofamerica.com,0
https://ebay.com/search,0
https://shopify.com/?page=17,0
https://ebay.com/help,0
http://theguardian.com/faq,0
https://wellsfargo.com/signup,0
http://target.com/faq,0
https://amazon.com/news,0
https://github.com/about,0
https://stackoverflow.com/pricing,0
https://walmart.com/index.html?page=9,0
https://chase.com/index.html,0
https://target.com/faq,0
https://chase.com?page=21,0
https://ebay.com/,0
https://wikipedia.org/signup,0
https://bankofamerica.com/profile,0
https://reddit.com/index.html,0
https://amazon.com/signup,0
https://bestbuy.com/help,0
https://walmart.com/products,0
https://shopify.com/about,0
https://reddit.com/products,0
https://bankofamerica.com/support,0
https://walmart.com/signup?page=22,0
https://linkedin.com/news,0
https://instagram.com/faq,0
https://apple.com/help,0
http://cnn.com/index.html,0
https://wellsfargo.com/blog?page=4,0
https://walmart.com/services,0
https://wellsfargo.com/services,0
https://apple.com/about,0
http://facebook.com/search,0
https://medium.com/pricing,0
https://stackoverflow.com/api/v1/users,0
https://bbc.com/services,0
https://twitter.com/signup?page=73,0
https://ebay.com/home,0
https://target.com/api/v1/users,0
https://paypal.com/,0
http://facebook.com/,0
https://walmart.com/services,0
https://cnn.com/login,0
http://walmart.com/settings?page=14,0
https://nytimes.com/contact,0
https://shopify.com/home,0
https://wikipedia.org,0
https://medium.com/,0
https://youtube.com/index.html,0
https://google.com/,0
https://youtube.com/blog?page=15,0
https://apple.com/login,0
https://paypal.com/contact?page=82,0
https://wikipedia.org/help,0
https://microsoft.com/products,0
http://apple.com,0
https://github.com/search,0
https://chase.com/dashboard,0
https://instagram.com/contact?page=24,0
https://google.com,0
https://apple.com/index.html,0
https://apple.com/about?page=37,0
http://microsoft.com/login?page=86,0
https://wellsfargo.com/support,0
https://medium.com/faq,0
https://youtube.com/search,0
https://stackoverflow.com/blog,0
https://ebay.com/home,0
https://youtube.com/dashboard,0
https://reddit.com,0
https://wikipedia.org/news,0
https://linkedin.com/pricing,0
https://bankofamerica.com/settings,0
https://instagram.com/dashboard?page=20,0
https://bbc.com/login,0
https://reddit.com/profile,0
https://theguardian.com/news,0
https://walmart.com/news,0
https://shopify.com/news,0
https://apple.com,0
https://bbc.com/index.html,0
https://apple.com/api/v1/users,0
https://chase.com/support,0
https://bbc.com/help?page=8,0
https://bestbuy.com/profile?page=65,0
https://ebay.com/api/v1/users,0
https://microsoft.com/api/v1/users,0
https://chase.com/login,0
https://medium.com/dashboard?page=61,0
https://twitter.com/signup?page=19,0
https://twitter.com/products,0
https://bestbuy.com/products?page=36,0
http://netflix.com/news,0
https://netflix.com/about,0
https://theguardian.com/news,0
https://google.com/products,0
https://theguardian.com/about?page=92,0
https://walmart.com,0
https://github.com/index.html,0
http://wikipedia.org/news,0
https://chase.com,0
http://medium.com/signup?page=69,0
https://wellsfargo.com/profile,0
http://netflix.com/news,0
https://google.com/login,0
https://apple.com/about,0
https://github.com/contact,0
https://microsoft.com/support,0
https://wellsfargo.com/login,0
https://github.com/signup?page=52,0
https://theguardian.com/faq,0
https://walmart.com/blog,0
https://wellsfargo.com/dashboard,0
https://nytimes.com/index.html,0
https://twitter.com,0
https://amazon.com/pricing,0
https://stackoverflow.com/settings?page=57,0
https://medium.com/faq,0
https://instagram.com/dashboard,0
https://github.com/signup,0
https://paypal.com/signup,0
https://walmart.com/contact,0
https://microsoft.com/index.html,0
https://microsoft.com/profile,0
https://apple.com/home,0
https://theguardian.com/login,0
https://theguardian.com/login,0
https://nytimes.com/api/v1/users,0
https://microsoft.com/support,0
https://theguardian.com/profile,0
https://bestbuy.com/?page=33,0
https://nytimes.com/faq?page=82,0
https://bbc.com/settings,0
https://youtube.com/products?page=52,0
https://ebay.com?page=49,0
https://microsoft.com/settings,0
https://bankofamerica.com/dashboard,0
http://reddit.com/api/v1/users,0
https://github.com/faq,0
https://stackoverflow.com/faq,0
https://chase.com/support,0
https://twitter.com/services?page=49,0
https://bestbuy.com/services?page=11,0
https://microsoft.com/contact?page=20,0
https://bestbuy.com/login,0
https://cnn.com/signup,0
https://theguardian.com/signup,0
https://amazon.com/contact,0
https://cnn.com/faq,0
https://target.com/api/v1/users,0
https://stackoverflow.com/about?page=32,0
https://youtube.com/about,0
https://github.com,0
http://youtube.com/contact,0
https://amazon.com/products,0
https://target.com/about,0
https://cnn.com/settings?page=41,0
https://bbc.com/help?page=38,0
https://bbc.com/dashboard,0
http://chase.com/settings,0
https://twitter.com/help,0
http://google.com/profile?page=34,0
https://wikipedia.org/about,0
https://bbc.com/news,0
https://wellsfargo.com/profile?page=86,0
https://bestbuy.com/signup,0
https://walmart.com/blog?page=60,0
https://github.com/settings?page=40,0
https://nytimes.com/blog?page=58,0
https://linkedin.com/search,0
https://twitter.com/contact,0
https://bbc.com/home,0
http://amazon.com/?page=93,0
https://instagram.com/pricing,0
https://linkedin.com/news,0
https://walmart.com/about,0
https://github.com/dashboard?page=74,0
http://linkedin.com/search,0
https://netflix.com/login,0
https://youtube.com/support,0
https://walmart.com/contact,0
https://reddit.com,0
https://apple.com/index.html?page=22,0
https://facebook.com/home,0
https://nytimes.com/about?page=72,0
https://facebook.com/pricing?page=81,0
https://theguardian.com/help,0
https://facebook.com/news,0
https://youtube.com/news?page=21,0
https://twitter.com,0
https://shopify.com/blog,0
https://bankofamerica.com/index.html,0
https://amazon.com/,0
https://bestbuy.com/blog,0
http://chase.com/products,0
https://paypal.com/profile,0
https://medium.com/settings,0
https://youtube.com/index.html,0
https://youtube.com/settings,0
https://linkedin.com/help,0
https://walmart.com/,0
https://google.com/index.html,0
https://amazon.com/about,0
http://chase.com/search,0
https://linkedin.com/support,0
https://theguardian.com/services,0
https://reddit.com/pricing,0
https://facebook.com/dashboard,0
https://wellsfargo.com/api/v1/users,0
https://paypal.com/products?page=23,0
https://twitter.com/login?page=62,0
https://paypal.com/about,0
https://ebay.com/dashboard?page=36,0
https://apple.com/products,0
http://stackoverflow.com/help,0
https://youtube.com/index.html,0
https://netflix.com/services,0
https://walmart.com/search?page=74,0
https://github.com/profile,0
https://youtube.com/pricing?page=19,0
https://netflix.com/api/v1/users,0
https://target.com/signup,0
https://medium.com/support,0
https://facebook.com/help,0
http://walmart.com/dashboard,0
https://nytimes.com/faq,0
http://amazon.com/search,0
https://walmart.com/news,0
https://youtube.com/pricing,0
http://bankofamerica.com/login,0
https://bbc.com/search,0
https://bankofamerica.com/dashboard,0
https://shopify.com/dashboard,0
https://github.com?page=72,0
http://ebay.com/help,0
https://wellsfargo.com/home,0
https://twitter.com/help,0
https://amazon.com/signup,0
https://reddit.com/news,0
https://github.com/help,0
https://bestbuy.com/faq,0
https://paypal.com/blog,0
https://bbc.com/index.html,0
https://facebook.com/faq,0
https://google.com/about,0
https://microsoft.com/pricing,0
https://target.com/signup?page=17,0
https://apple.com/profile,0
http://stackoverflow.com/help,0
https://bestbuy.com/dashboard,0
https://netflix.com/about,0
http://github.com/about,0
https://bbc.com/signup,0
https://ebay.com/support?page=67,0
https://paypal.com/search,0
https://theguardian.com/support,0
https://ebay.com/search,0
https://shopify.com/signup,0
https://bbc.com/home,0
http://amazon.com/signup,0
https://facebook.com/contact,0
http://google.com/index.html,0
https://amazon.com/contact,0
https://medium.com/services,0
https://stackoverflow.com/pricing,0
http://wellsfargo.com/blog,0
https://cnn.com/profile,0
https://cnn.com/about,0
https://theguardian.com/about,0
https://medium.com/help,0
https://paypal.com/signup,0
https://bankofamerica.com/search,0
https://stackoverflow.com/login,0
https://microsoft.com/news,0
http://youtube.com/services?page=48,0
https://facebook.com/profile,0
https://bestbuy.com/index.html?page=76,0
https://paypal.com/pricing,0
https://medium.com/services,0
http://linkedin.com/index.html,0
https://bbc.com/index.html,0
https://facebook.com/api/v1/users,0
https://github.com,0
https://bbc.com/signup?page=65,0
https://instagram.com/settings,0
https://reddit.com/search,0
https://theguardian.com/index.html,0
https://microsoft.com/profile,0
https://youtube.com/profile?page=31,0
https://instagram.com/profile,0
https://amazon.com,0
https://shopify.com/login,0
https://wikipedia.org/help,0
https://medium.com/,0
https://netflix.com/api/v1/users,0
https://paypal.com/news,0
https://shopify.com/signup,0
http://medium.com/help,0
http://amazon.com/profile,0
https://apple.com/products?page=7,0
https://chase.com/,0
https://twitter.com/index.html,0
https://linkedin.com/search,0
https://shopify.com/search,0
https://netflix.com/api/v1/users,0
https://theguardian.com/help,0
https://bbc.com/services,0
https://shopify.com/pricing?page=81,0
https://shopify.com,0
https://youtube.com/,0
https://linkedin.com/contact,0
https://netflix.com/index.html,0
https://theguardian.com/products,0
https://microsoft.com/login,0
https://medium.com/help,0
https://wikipedia.org/support?page=79,0
https://bbc.com/home,0
https://youtube.com/settings,0
https://amazon.com/services,0
https://google.com/pricing,0
https://paypal.com/index.html,0
https://target.com/news,0
https://github.com/pricing,0
https://bestbuy.com/api/v1/users,0
https://bestbuy.com,0
https://cnn.com/services,0
https://shopify.com/news?page=16,0
https://google.com/,0
https://youtube.com,0
https://ebay.com/search,0
https://ebay.com/faq,0
https://nytimes.com/home,0
https://amazon.com/pricing,0
https://nytimes.com/contact,0
https://twitter.com/api/v1/users,0
https://theguardian.com/help,0
https://google.com/faq,0
https://cnn.com/signup,0
https://twitter.com/faq?page=62,0
https://chase.com/dashboard?page=52,0
https://medium.com/services?page=96,0
http://facebook.com/support,0
https://medium.com/index.html,0
https://apple.com/api/v1/users,0
https://google.com/api/v1/users,0
https://reddit.com/support,0
https://nytimes.com/signup?page=29,0
https://bestbuy.com/,0
https://github.com/signup?page=64,0
http://bbc.com/home?page=46,0
https://microsoft.com/about,0
https://github.com,0
https://github.com/faq,0
http://shopify.com/faq,0
https://bestbuy.com/search,0
http://reddit.com/help,0
https://reddit.com,0
https://reddit.com/faq,0
https://wikipedia.org/services,0
http://target.com/dashboard,0
https://target.com/news,0
https://wikipedia.org/faq,0
https://twitter.com/contact,0
https://instagram.com/services,0
https://theguardian.com/search,0
https://apple.com/home,0
https://nytimes.com/faq,0
https://youtube.com/services,0
https://instagram.com/help,0
https://chase.com/pricing,0
https://stackoverflow.com/,0
https://wikipedia.org/settings,0
https://github.com/home,0
https://chase.com/news?page=8,0
https://medium.com/search,0
https://twitter.com/login,0
https://stackoverflow.com/dashboard,0
https://ebay.com/about,0
https://linkedin.com/,0
https://amazon.com/services,0
https://github.com/signup,0
https://wikipedia.org/news,0
https://apple.com/support,0
https://twitter.com,0
https://microsoft.com,0
https://medium.com/contact,0
https://linkedin.com/home,0
https://nytimes.com,0
https://shopify.com/services,0
https://stackoverflow.com/signup,0
https://instagram.com/search,0
https://medium.com/login,0
https://nytimes.com/search,0
https://linkedin.com/profile,0
https://netflix.com/products,0
http://nytimes.com,0
https://youtube.com/settings,0
http://github.com/settings?page=58,0
https://microsoft.com/about,0
https://theguardian.com,0
https://cnn.com/signup,0
https://github.com,0
https://cnn.com/settings,0
https://bestbuy.com/dashboard?page=81,0
https://apple.com/products,0
https://shopify.com/services,0
https://linkedin.com/about,0
https://github.com/index.html,0
https://reddit.com/help,0
https://reddit.com/signup?page=15,0
https://netflix.com/index.html,0
https://linkedin.com/profile,0
https://twitter.com/news,0
https://shopify.com/about,0
https://bbc.com,0
https://linkedin.com/faq,0
https://apple.com/about,0
https://github.com/settings?page=2,0
https://cnn.com/signup,0
https://nytimes.com/services,0
http://microsoft.com/support,0
https://linkedin.com/services?page=14,0
https://bankofamerica.com/?page=31,0
https://stackoverflow.com/profile,0
https://nytimes.com/,0
https://github.com/dashboard,0
https://nytimes.com/home,0
https://bestbuy.com/contact?page=19,0
https://google.com/pricing,0
https://bestbuy.com/api/v1/users?page=87,0
http://nytimes.com/,0
https://walmart.com/,0
https://reddit.com/contact,0
https://facebook.com/index.html,0
https://stackoverflow.com/login,0
https://bbc.com/home,0
http://chase.com/news?page=58,0
https://netflix.com/search,0
https://chase.com/blog,0
https://wikipedia.org/?page=40,0
https://github.com/home,0
https://theguardian.com/faq,0
http://microsoft.com/index.html,0
https://facebook.com/home,0
https://paypal.com,0
https://cnn.com/home,0
https://bankofamerica.com/help,0
https://bestbuy.com,0
https://nytimes.com/contact,0
http://netflix.com/api/v1/users,0
https://reddit.com/profile,0
https://bestbuy.com/products,0
https://google.com/help,0
http://bbc.com/home?page=43,0
http://stackoverflow.com/dashboard,0
https://target.com/blog,0
https://medium.com/contact?page=41,0
https://github.com/help,0
http://ebay.com/login?page=62,0
https://apple.com/dashboard,0
https://microsoft.com/support,0
https://ebay.com/index.html,0
https://apple.com/products?page=40,0
http://google.com/profile,0
https://instagram.com/about,0
https://google.com/settings?page=95,0
https://cnn.com/about,0
https://bestbuy.com/login,0
https://bestbuy.com/dashboard,0
https://bbc.com/login,0
https://bbc.com/login,0
https://linkedin.com/profile?page=86,0
https://instagram.com/services,0
http://bestbuy.com/help,0
https://linkedin.com/about,0
https://apple.com/contact?page=37,0
https://chase.com/home,0
http://linkedin.com/support?page=61,0
https://walmart.com/products,0
https://medium.com/login,0
https://instagram.com/login,0
https://theguardian.com/help?page=8,0
https://bbc.com/pricing,0
https://walmart.com/products,0
https://linkedin.com/api/v1/users,0
https://nytimes.com/api/v1/users,0
https://wellsfargo.com/?page=80,0
https://youtube.com/contact?page=16,0
https://instagram.com/services,0
https://twitter.com/help?page=76,0
https://nytimes.com/,0
https://bankofamerica.com/signup,0
https://walmart.com/signup,0
https://wikipedia.org/pricing,0
https://shopify.com/news,0
https://medium.com/api/v1/users,0
https://shopify.com/pricing,0
https://wellsfargo.com/home,0
https://target.com/login,0
https://linkedin.com/products,0
https://target.com/about,0
https://apple.com/blog?page=87,0
https://ebay.com/index.html,0
http://netflix.com/login,0
https://medium.com/index.html,0
https://github.com/news?page=80,0
https://microsoft.com/news,0
https://twitter.com/?page=70,0
https://bbc.com/services,0
https://paypal.com/index.html?page=14,0
https://cnn.com/blog,0
https://cnn.com/products,0
https://youtube.com/profile?page=33,0
https://ebay.com,0
https://bbc.com/api/v1/users,0
https://wikipedia.org/products?page=44,0
https://nytimes.com/help,0
http://reddit.com/products,0
https://netflix.com/help,0
https://shopify.com/,0
https://wikipedia.org/support,0
https://apple.com/,0
https://bbc.com/?page=50,0
https://shopify.com,0
https://amazon.com/help,0
https://paypal.com/blog,0
https://ebay.com/login,0
https://shopify.com/?page=50,0
https://shopify.com/services,0
https://shopify.com/signup?page=45,0
https://wellsfargo.com/home?page=15,0
https://wikipedia.org/,0
https://wikipedia.org/blog?page=19,0
http://cnn.com/news,0
https://microsoft.com/home,0
https://bestbuy.com/services,0
https://google.com/products,0
https://google.com?page=72,0
https://instagram.com/settings?page=78,0
https://medium.com/,0
https://github.com/news,0
https://bbc.com,0
https://walmart.com/products?page=44,0
https://microsoft.com/search,0
https://theguardian.com/support,0
https://instagram.com/login,0
https://shopify.com/support?page=7,0
http://facebook.com/pricing,0
https://target.com/?page=89,0
http://walmart.com/pricing?page=98,0
https://medium.com/signup,0
https://stackoverflow.com/faq,0
https://chase.com/api/v1/users,0
https://paypal.com/login,0
https://wellsfargo.com/blog?page=1,0
https://paypal.com/settings,0
https://microsoft.com/about,0
https://youtube.com/,0
https://amazon.com/support?page=90,0
http://wikipedia.org/api/v1/users,0
https://theguardian.com/login?page=75,0
https://bbc.com/contact,0
https://github.com/blog,0
https://linkedin.com/home,0
https://microsoft.com/news,0
https://linkedin.com/signup?page=26,0
http://ebay.com/about,0
https://amazon.com/faq?page=56,0
https://bestbuy.com/about,0
https://ebay.com/services,0
https://twitter.com/contact,0
https://linkedin.com/index.html?page=24,0
https://microsoft.com/contact?page=53,0
https://shopify.com/index.html,0
https://twitter.com/login,0
https://amazon.com/signup,0
https://paypal.com/help,0
https://ebay.com/home,0
https://linkedin.com/login,0
https://paypal.com/login,0
https://google.com/contact,0
https://stackoverflow.com/contact,0
https://ebay.com/pricing,0
https://walmart.com/api/v1/users,0
https://theguardian.com/contact,0
https://google.com/login,0
https://facebook.com/search,0
https://nytimes.com/faq,0
https://cnn.com/api/v1/users?page=49,0
https://wellsfargo.com/api/v1/users,0
https://ebay.com/search,0
https://youtube.com/blog,0
https://apple.com/news,0
https://shopify.com/index.html,0
http://netflix.com/signup,0
https://wikipedia.org/news,0
http://bbc.com/support,0
https://theguardian.com/help,0
http://cnn.com/settings,0
https://youtube.com/settings,0
https://bestbuy.com/,0
https://microsoft.com/faq,0
https://twitter.com/dashboard,0
https://instagram.com/index.html?page=41,0
https://wellsfargo.com,0
http://bbc.com/index.html?page=49,0
https://microsoft.com/settings,0
https://stackoverflow.com/faq,0
https://twitter.com/about?page=6,0
https://microsoft.com/contact,0
https://instagram.com/pricing,0
https://twitter.com/settings,0
https://netflix.com/home?page=24,0
https://twitter.com/help,0
https://shopify.com/api/v1/users,0
https://bbc.com/login,0
https://bestbuy.com/home,0
http://medium.com,0
https://facebook.com/faq,0
https://walmart.com/products,0
https://cnn.com/blog,0
https://medium.com/blog,0
https://nytimes.com/,0
http://paypal.com/about?page=15,0
https://linkedin.com/signup,0
https://amazon.com/products,0
https://stackoverflow.com/login,0
https://linkedin.com/search,0
https://bbc.com,0
https://youtube.com/login,0
https://amazon.com/products,0
https://instagram.com/profile,0
https://target.com/search,0
https://wikipedia.org/support,0
https://stackoverflow.com?page=50,0
https://ebay.com/signup,0
https://apple.com/signup?page=66,0
https://wikipedia.org/?page=81,0
https://chase.com/search,0
https://walmart.com/services,0
https://wellsfargo.com/home,0
https://cnn.com/about,0
https://microsoft.com/contact?page=80,0
https://microsoft.com/api/v1/users?page=59,0
https://chase.com/products,0
https://youtube.com/faq,0
https://nytimes.com/home?page=6,0
https://target.com/help,0
https://facebook.com/,0
https://facebook.com/dashboard,0
https://google.com/login,0
https://bestbuy.com/pricing,0
https://ebay.com/index.html,0
https://linkedin.com/about,0
https://bankofamerica.com/settings,0
http://youtube.com/home?page=53,0
https://cnn.com/pricing,0
https://medium.com/contact,0
https://github.com/help,0
https://amazon.com/login,0
https://instagram.com/search?page=24,0
https://google.com/index.html,0
https://microsoft.com/signup,0
https://youtube.com/signup,0
https://amazon.com/products,0
https://shopify.com/home?page=7,0
https://chase.com/pricing,0
https://paypal.com/index.html,0
https://google.com/news,0
https://bbc.com/login,0
https://stackoverflow.com/search,0
https://nytimes.com/settings,0
http://nytimes.com/login?page=17,0
https://reddit.com/news,0
https://linkedin.com/pricing,0
http://google.com/services,0
https://walmart.com/index.html,0
https://bbc.com/dashboard,0
https://wellsfargo.com/home,0
https://medium.com/index.html,0
http://facebook.com/api/v1/users,0
https://bestbuy.com/help,0
https://wellsfargo.com/faq?page=89,0
http://reddit.com/news,0
https://netflix.com/about,0
https://bbc.com/blog,0
https://stackoverflow.com/blog,0
https://facebook.com/help,0
http://cnn.com/search,0
https://chase.com/blog,0
http://ebay.com/index.html,0
https://youtube.com/search,0
https://bestbuy.com/search,0
http://linkedin.com/products,0
https://walmart.com/profile,0
https://wikipedia.org/signup,0
https://netflix.com/api/v1/users,0
http://stackoverflow.com/pricing,0
https://netflix.com/signup?page=28,0
https://cnn.com/blog,0
https://github.com/about,0
https://netflix.com/dashboard,0
https://microsoft.com/products,0
https://amazon.com/,0
https://instagram.com/contact,0
https://wellsfargo.com/help,0
https://amazon.com,0
https://google.com/help,0
https://nytimes.com/faq,0
https://target.com/signup,0
http://linkedin.com/signup,0
https://paypal.com/home?page=23,0
https://theguardian.com/search,0
https://stackoverflow.com/blog,0
https://ebay.com/faq?page=50,0
http://instagram.com/settings,0
https://bankofamerica.com/products?page=10,0
https://github.com/support,0
https://microsoft.com/search,0
https://bbc.com/services,0
https://paypal.com/services?page=18,0
https://netflix.com/products,0
https://wikipedia.org/profile,0
https://shopify.com/support,0
https://walmart.com/home,0
https://bestbuy.com/faq,0
https://apple.com/settings?page=82,0
https://chase.com/signup,0
https://chase.com/about,0
https://paypal.com,0
https://wikipedia.org/blog,0
https://github.com/blog?page=45,0
https://cnn.com/services,0
https://paypal.com/news,0
https://medium.com/contact,0
http://google.com/api/v1/users,0
https://amazon.com/about,0
http://ebay.com/help,0
https://cnn.com/dashboard?page=65,0
https://chase.com/home,0
http://youtube.com/?page=86,0
http://netflix.com/signup,0
https://stackoverflow.com/about,0
https://instagram.com/support,0
https://cnn.com/settings,0
https://wellsfargo.com/search,0
http://cnn.com/api/v1/users,0
https://chase.com/index.html,0
https://medium.com/profile,0
https://bestbuy.com/faq,0
https://bbc.com/faq?page=80,0
https://cnn.com/index.html?page=87,0
https://twitter.com/index.html,0
https://ebay.com,0
https://bankofamerica.com/support,0
https://walmart.com/home,0
https://chase.com/api/v1/users,0
https://nytimes.com/contact,0
http://microsoft.com/home,0
https://linkedin.com/faq,0
https://ebay.com/signup,0
https://youtube.com/api/v1/users?page=45,0
https://reddit.com/blog,0
http://wellsfargo.com/login?page=4,0
http://facebook.com/blog,0
http://target.com/settings,0
https://nytimes.com/?page=58,0
https://twitter.com/index.html,0
https://ebay.com/services?page=32,0
http://shopify.com/contact?page=77,0
https://stackoverflow.com/api/v1/users,0
https://netflix.com/contact,0
http://bestbuy.com/search,0
http://chase.com/products,0
https://google.com/search,0
https://microsoft.com/help,0
https://bbc.com/dashboard,0
https://linkedin.com/api/v1/users,0
https://wikipedia.org/search,0
https://github.com/index.html,0
https://bankofamerica.com/help,0
https://microsoft.com/services,0
http://cnn.com/login,0
https://linkedin.com/,0
https://netflix.com/index.html?page=48,0
https://walmart.com/faq,0
https://netflix.com/blog,0
https://apple.com/signup,0
https://cnn.com/support?page=25,0
https://cnn.com/help,0
https://walmart.com/help,0
http://reddit.com/news,0
https://bbc.com/products,0
https://linkedin.com/home?page=20,0
https://chase.com/index.html,0
https://reddit.com/news,0
https://medium.com,0
https://stackoverflow.com/signup,0
https://wellsfargo.com/services,0
https://twitter.com/signup?page=92,0
https://microsoft.com/search,0
https://bankofamerica.com/home,0
http://bbc.com/profile,0
https://theguardian.com/news,0
https://wikipedia.org/news,0
https://ebay.com/api/v1/users,0
https://github.com/services,0
https://youtube.com/signup,0
https://netflix.com/pricing,0
http://ebay.com/support?page=36,0
https://bankofamerica.com/api/v1/users,0
http://target.com/support,0
https://bbc.com/profile,0
https://linkedin.com/signup,0
https://github.com/dashboard,0
https://reddit.com/services,0
http://bbc.com/settings,0
https://shopify.com/pricing,0
https://nytimes.com/settings,0
https://walmart.com/help,0
https://shopify.com/blog?page=95,0
https://paypal.com/pricing,0
https://cnn.com/pricing,0
https://bankofamerica.com/index.html?page=52,0
http://twitter.com/pricing,0
https://facebook.com/help,0
https://chase.com/support,0
https://paypal.com/services,0
https://microsoft.com/login,0
https://youtube.com/services,0
https://bestbuy.com/products,0
https://facebook.com/services,0
https://facebook.com,0
https://nytimes.com/contact,0
https://theguardian.com/blog,0
https://amazon.com/login,0
http://apple.com/services?page=20,0
https://walmart.com/support,0
http://reddit.com/news,0
http://nytimes.com/search,0
https://walmart.com/signup,0
https://microsoft.com/login,0
https://ebay.com,0
https://reddit.com/contact,0
https://microsoft.com/news,0
https://medium.com/settings,0
https://amazon.com/settings,0
https://stackoverflow.com/signup,0
https://theguardian.com/faq,0
https://amazon.com/signup,0
https://amazon.com/profile,0
https://medium.com/search,0
https://linkedin.com/support,0
https://stackoverflow.com/index.html,0
https://github.com/settings,0
https://wellsfargo.com,0
https://wellsfargo.com/blog?page=35,0
https://bbc.com/login,0
https://google.com/settings,0
https://walmart.com/dashboard?page=99,0
https://reddit.com/api/v1/users,0
http://chase.com/signup,0
https://bbc.com/pricing,0
https://wellsfargo.com/products,0
https://cnn.com/products,0
https://nytimes.com/dashboard,0
https://google.com,0
https://microsoft.com/settings?page=45,0
http://bbc.com/help,0
https://wikipedia.org/home,0
https://bestbuy.com/,0
https://linkedin.com/signup?page=47,0
https://walmart.com/profile,0
https://reddit.com/signup,0
https://paypal.com/contact?page=85,0
https://instagram.com/profile,0
https://microsoft.com/api/v1/users?page=50,0
https://wellsfargo.com/settings,0
https://instagram.com/services,0
https://wellsfargo.com/search?page=32,0
https://nytimes.com/products,0
https://instagram.com/dashboard,0
https://linkedin.com/about,0
https://paypal.com/index.html,0
https://instagram.com/,0
https://paypal.com/signup,0
https://medium.com/home?page=72,0
https://wikipedia.org/help,0
http://target.com/dashboard,0
http://theguardian.com/blog,0
http://youtube.com/about,0
https://microsoft.com/login?page=78,0
https://bbc.com/about,0
http://wellsfargo.com/signup,0
https://github.com/,0
https://reddit.com/dashboard,0
https://amazon.com/services,0
https://linkedin.com/settings,0
http://bestbuy.com/?page=19,0
https://paypal.com/search,0
https://reddit.com/?page=26,0
https://twitter.com/dashboard,0
http://shopify.com/help,0
https://github.com/about,0
https://netflix.com/about,0
https://stackoverflow.com,0
https://medium.com/news,0
https://chase.com/signup,0
https://netflix.com/news,0
https://nytimes.com/login,0
https://bbc.com/index.html,0
https://cnn.com/signup,0
https://google.com/profile?page=53,0
https://target.com/pricing,0
https://bbc.com?page=92,0
https://stackoverflow.com,0
https://bankofamerica.com/support,0
http://wikipedia.org/contact,0
https://bankofamerica.com/support,0
https://microsoft.com/about,0
https://google.com/faq?page=57,0
https://youtube.com/help,0
https://medium.com/,0
https://chase.com/settings,0
https://stackoverflow.com,0
https://shopify.com/pricing,0
https://ebay.com/news,0
https://reddit.com/contact?page=48,0
https://instagram.com/dashboard,0
https://facebook.com/about,0
https://target.com/,0
http://twitter.com/contact,0
https://apple.com/signup,0
https://bankofamerica.com/services,0
https://wikipedia.org/faq,0
https://microsoft.com/search,0
https://amazon.com/products,0
https://twitter.com/pricing,0
https://cnn.com/services,0
https://facebook.com/home?page=88,0
https://amazon.com/home,0
https://wikipedia.org/help,0
https://reddit.com/contact,0
https://linkedin.com/help?page=18,0
https://nytimes.com?page=32,0
https://cnn.com/api/v1/users,0
https://wellsfargo.com/api/v1/users?page=90,0
https://chase.com/signup,0
http://paypal.com/settings,0
https://bankofamerica.com/support,0
https://bestbuy.com/home,0
http://nytimes.com/dashboard?page=4,0
https://paypal.com/dashboard,0
https://linkedin.com/dashboard,0
https://linkedin.com/pricing,0
https://reddit.com/signup?page=9,0
https://wellsfargo.com/blog,0
https://facebook.com/login,0
https://shopify.com/news,0
http://wikipedia.org/settings,0
https://theguardian.com/login,0
https://target.com/contact,0
https://chase.com/blog,0
https://apple.com/index.html,0
https://reddit.com/about,0
https://medium.com/dashboard,0
https://medium.com/api/v1/users,0
https://cnn.com,0
https://wellsfargo.com/login,0
https://netflix.com/contact,0
https://ebay.com/search,0
https://paypal.com/about,0
http://instagram.com/home,0
http://netflix.com/help,0
https://cnn.com/search,0
https://target.com/search,0
https://netflix.com/contact?page=26,0
https://medium.com/login?page=37,0
https://linkedin.com/profile,0
https://cnn.com/dashboard,0
https://chase.com/about,0
https://wellsfargo.com/profile,0
http://medium.com/signup,0
https://wellsfargo.com/settings,0
https://amazon.com/signup,0
https://netflix.com/faq,0
https://chase.com/contact?page=40,0
https://bankofamerica.com/api/v1/users,0
https://ebay.com/api/v1/users,0
https://instagram.com/search,0
https://shopify.com/dashboard,0
https://medium.com/home,0
https://facebook.com/login,0
https://stackoverflow.com/faq,0
http://bankofamerica.com/news,0
https://instagram.com/,0
https://shopify.com/search,0
http://medium.com/contact,0
https://linkedin.com/pricing?page=31,0
https://paypal.com/index.html,0
https://google.com,0
https://target.com/index.html,0
http://instagram.com/support,0
https://shopify.com?page=37,0
https://target.com/login,0
https://youtube.com/faq,0
https://bestbuy.com/search,0
https://instagram.com/services,0
https://wikipedia.org/faq,0
https://linkedin.com/login,0
https://bestbuy.com/pricing,0
https://wikipedia.org/profile,0
https://bestbuy.com/products,0
https://facebook.com/signup,0
https://bestbuy.com/signup?page=55,0
https://medium.com/support?page=43,0
https://bankofamerica.com/search,0
https://netflix.com/signup?page=27,0
https://facebook.com/contact,0
https://theguardian.com/services,0
https://instagram.com/pricing,0
https://twitter.com/services,0
https://netflix.com/api/v1/users?page=70,0
https://linkedin.com/search,0
https://wikipedia.org/api/v1/users,0
https://wellsfargo.com/search,0
https://target.com/home,0
https://linkedin.com/index.html,0
https://wellsfargo.com/profile,0
https://walmart.com/profile,0
https://paypal.com/profile?page=68,0
https://microsoft.com/login,0
https://theguardian.com/,0
https://google.com/settings,0
https://reddit.com/contact,0
http://medium.com/,0
https://medium.com/search,0
https://instagram.com/settings?page=6,0
https://reddit.com/?page=25,0
https://cnn.com/api/v1/users?page=36,0
https://facebook.com,0
https://microsoft.com/,0
https://reddit.com/profile,0
https://theguardian.com/pricing,0
https://linkedin.com/search,0
https://chase.com/index.html,0
https://walmart.com/services,0
https://linkedin.com,0
https://google.com/api/v1/users,0
http://facebook.com/,0
https://stackoverflow.com/support,0
https://walmart.com/faq,0
https://paypal.com/dashboard,0
https://facebook.com/pricing,0
https://wikipedia.org/pricing?page=92,0
https://apple.com/contact?page=3,0
https://bestbuy.com/signup?page=52,0
https://nytimes.com/products,0
https://netflix.com/contact,0
https://cnn.com/login,0
https://youtube.com/home,0
https://reddit.com/search,0
https://amazon.com/index.html,0
https://reddit.com/products,0
https://reddit.com/home,0
https://cnn.com/contact,0
https://chase.com/pricing?page=6,0
https://nytimes.com/faq,0
https://stackoverflow.com/?page=86,0
https://bankofamerica.com/about,0
https://reddit.com/pricing,0
https://apple.com/support,0
https://nytimes.com/login,0
https://theguardian.com/settings,0
https://twitter.com/?page=36,0
https://netflix.com/settings,0
https://github.com/products?page=30,0
https://reddit.com/services,0
http://netflix.com/?page=63,0
https://stackoverflow.com/settings,0
https://paypal.com/index.html?page=17,0
https://stackoverflow.com/,0
http://target.com/contact?page=22,0
https://bbc.com/home,0
http://reddit.com/api/v1/users,0
https://amazon.com/blog,0
https://chase.com/dashboard?page=65,0
https://walmart.com/signup,0
https://paypal.com/blog?page=48,0
https://paypal.com/news,0
http://bbc.com/search?page=54,0
https://bestbuy.com/about,0
https://paypal.com/index.html?page=8,0
https://instagram.com/blog?page=23,0
https://google.com/products,0
https://amazon.com/dashboard,0
http://linkedin.com/products?page=73,0
https://amazon.com/pricing,0
https://instagram.com/home?page=57,0
https://wellsfargo.com,0
https://microsoft.com/pricing,0
https://wellsfargo.com/services,0
https://chase.com/signup,0
https://paypal.com/pricing,0
https://ebay.com/login,0
https://theguardian.com/settings,0
https://stackoverflow.com/profile,0
https://youtube.com/contact,0
https://stackoverflow.com/products,0
https://bbc.com/help?page=67,0
https://twitter.com/help,0
https://chase.com/news,0
https://twitter.com/support,0
https://github.com/pricing,0
https://nytimes.com/login,0
https://github.com/dashboard,0
http://theguardian.com/signup?page=15,0
http://linkedin.com/profile,0
https://github.com/settings,0
https://facebook.com/faq,0
https://google.com/dashboard?page=31,0
https://ebay.com/login,0
https://reddit.com/products?page=92,0
https://netflix.com/news,0
https://paypal.com/,0
https://linkedin.com/index.html,0
https://instagram.com/home,0
https://bestbuy.com,0
https://wellsfargo.com/pricing,0
https://apple.com/support,0
https://microsoft.com/contact,0
https://cnn.com/blog,0
https://paypal.com/signup,0
https://bankofamerica.com/faq,0
https://microsoft.com/dashboard?page=77,0
https://paypal.com/help,0
http://twitter.com/faq?page=91,0
https://linkedin.com/pricing,0
https://wellsfargo.com/profile?page=39,0
http://github.com/blog,0
https://twitter.com,0
https://wikipedia.org/blog,0
https://youtube.com/,0
http://bankofamerica.com/faq?page=15,0
https://cnn.com/signup,0
https://reddit.com/,0
https://wellsfargo.com/dashboard?page=59,0
https://github.com/products?page=49,0
https://youtube.com/pricing?page=6,0
https://bestbuy.com/login,0
https://wellsfargo.com/contact,0
https://stackoverflow.com/products,0
https://paypal.com/dashboard,0
https://bankofamerica.com/about,0
https://walmart.com/api/v1/users,0
https://paypal.com/pricing,0
https://github.com/login,0
https://bestbuy.com/support,0
https://bestbuy.com/settings,0
https://facebook.com/pricing,0
http://netflix.com/profile?page=48,0
https://stackoverflow.com/contact,0
https://reddit.com,0
https://netflix.com/login,0
https://bbc.com/login,0
https://linkedin.com/about,0
https://ebay.com/dashboard,0
https://wellsfargo.com/news,0
https://ebay.com/blog,0
https://reddit.com/pricing,0
https://facebook.com/profile?page=3,0
https://cnn.com/api/v1/users?page=29,0
http://amazon.com/news?page=62,0
https://stackoverflow.com/contact,0
https://wellsfargo.com/contact,0
https://cnn.com/services,0
https://google.com/api/v1/users?page=9,0
https://theguardian.com/pricing,0
https://github.com/search,0
https://chase.com/faq,0
http://bbc.com/home?page=78,0
https://medium.com/products,0
https://theguardian.com/settings,0
https://chase.com/home,0
https://google.com/help,0
https://bankofamerica.com/login?page=54,0
http://github.com/settings,0
https://bankofamerica.com/support,0
https://bestbuy.com/faq,0
https://youtube.com/pricing,0
https://twitter.com/pricing,0
https://facebook.com/help,0
https://google.com/faq,0
https://apple.com/news?page=10,0
https://github.com/support,0
https://wellsfargo.com?page=42,0
https://nytimes.com/api/v1/users?page=28,0
https://stackoverflow.com/faq,0
http://cnn.com/support,0
https://linkedin.com/about,0
https://walmart.com/search,0
https://amazon.com/products,0
https://chase.com/contact,0
https://google.com/signup,0
https://nytimes.com,0
https://twitter.com/faq?page=53,0
https://bbc.com/api/v1/users,0
https://linkedin.com/faq?page=92,0
https://wikipedia.org/faq,0
https://chase.com/dashboard,0
https://microsoft.com/about,0
https://wellsfargo.com/signup,0
https://target.com/,0
https://facebook.com/,0
https://ebay.com/index.html,0
https://paypal.com/support,0
https://github.com/pricing,0
https://netflix.com/,0
https://target.com/index.html,0
https://cnn.com/home,0
https://bankofamerica.com/contact,0
http://shopify.com/services,0
https://target.com/profile,0
https://paypal.com/contact?page=41,0
https://bbc.com/profile,0
https://twitter.com/,0
https://facebook.com?page=53,0
https://cnn.com/,0
https://linkedin.com/dashboard,0
https://ebay.com/settings?page=39,0
https://google.com/services,0
https://facebook.com/blog,0
https://bankofamerica.com/login,0
http://nytimes.com/products,0
https://wellsfargo.com/home,0
https://cnn.com/login,0
https://paypal.com/api/v1/users,0
https://medium.com/support,0
https://facebook.com/,0
https://nytimes.com,0
https://medium.com/signup?page=96,0
https://github.com/profile,0
https://apple.com/news,0
http://shopify.com/contact,0
http://medium.com/index.html,0
https://instagram.com/home,0
https://wellsfargo.com?page=4,0
https://paypal.com/products?page=81,0
http://apple.com/settings?page=84,0
https://twitter.com/faq,0
http://microsoft.com/api/v1/users?page=48,0
https://ebay.com,0
https://bankofamerica.com/search,0
https://bbc.com/faq,0
https://microsoft.com/news,0
https://google.com/settings,0
https://target.com/services,0
https://youtube.com/settings,0
https://paypal.com/,0
https://youtube.com/dashboard,0
https://bankofamerica.com/products?page=83,0
https://walmart.com/products,0
https://bankofamerica.com/products,0
http://bankofamerica.com/support,0
https://microsoft.com/settings?page=73,0
https://amazon.com/index.html?page=85,0
https://wellsfargo.com/home,0
https://chase.com/news,0
https://linkedin.com/login,0
https://shopify.com/signup,0
https://bankofamerica.com/,0
http://apple.com/home,0
http://wellsfargo.com/profile,0
https://shopify.com/login,0
https://reddit.com/help,0
https://linkedin.com,0
https://linkedin.com/signup,0
https://wellsfargo.com?page=42,0
https://chase.com/settings,0
https://twitter.com/dashboard,0
https://netflix.com/faq,0
https://github.com/pricing,0
https://apple.com/settings,0
https://microsoft.com/signup?page=7,0
https://reddit.com/support,0
https://ebay.com/products,0
https://wellsfargo.com/services?page=92,0
http://bbc.com/login,0
https://google.com/index.html,0
https://theguardian.com/settings,0
https://nytimes.com/blog,0
https://cnn.com/index.html,0
https://wellsfargo.com/news,0
http://apple.com/signup,0
https://stackoverflow.com/dashboard,0
https://wikipedia.org/dashboard,0
https://twitter.com/support?page=39,0
http://chase.com/api/v1/users?page=76,0
https://walmart.com/search?page=90,0
https://reddit.com/about,0
https://target.com/products,0
https://twitter.com/settings,0
https://cnn.com/products,0
https://amazon.com/,0
https://bestbuy.com/settings,0
https://paypal.com/api/v1/users,0
https://twitter.com/search?page=85,0
https://stackoverflow.com/services,0
https://amazon.com/blog,0
https://google.com/about,0
https://walmart.com/blog,0
https://stackoverflow.com/contact,0
https://shopify.com/support,0
https://github.com/products?page=60,0
https://ebay.com/dashboard?page=34,0
https://bestbuy.com/api/v1/users,0
https://amazon.com/profile,0
https://nytimes.com/support,0
https://medium.com/support?page=27,0
https://bankofamerica.com/home,0
http://github.com/news,0
http://twitter.com/support,0
https://cnn.com/faq,0
https://wellsfargo.com/home?page=69,0
https://paypal.com/products?page=14,0
https://github.com/faq,0
https://bestbuy.com/search,0
https://walmart.com/,0
https://shopify.com/search,0
https://microsoft.com/home,0
https://theguardian.com/profile?page=73,0
https://bbc.com/pricing,0
https://target.com/blog?page=51,0
https://wellsfargo.com/index.html,0
https://bbc.com/signup,0
https://amazon.com/contact,0
https://google.com/home,0
https://netflix.com/dashboard,0
http://shopify.com/services?page=72,0
https://microsoft.com/products,0
https://netflix.com,0
http://nytimes.com/home,0
https://walmart.com/pricing?page=4,0
https://theguardian.com,0
https://linkedin.com/about,0
https://facebook.com/blog,0
https://twitter.com/profile,0
https://google.com/news,0
https://instagram.com/dashboard,0
https://facebook.com/help?page=7,0
https://twitter.com/signup,0
https://bankofamerica.com/faq,0
https://twitter.com/contact,0
https://bestbuy.com/profile?page=47,0
https://walmart.com/help,0
https://instagram.com/index.html,0
http://github.com/about,0
https://reddit.com/,0
http://instagram.com/profile,0
https://microsoft.com/home,0
https://medium.com/signup,0
http://bbc.com/login,0
http://wikipedia.org/signup,0
https://microsoft.com/help,0
https://cnn.com/faq,0
https://reddit.com/services,0
https://bbc.com/blog?page=13,0
https://stackoverflow.com/login?page=91,0
http://bbc.com/,0
https://bankofamerica.com/index.html,0
https://wikipedia.org/help?page=97,0
http://walmart.com/blog?page=57,0
https://ebay.com/?page=14,0
https://wikipedia.org/settings,0
https://walmart.com/search,0
https://apple.com/index.html,0
https://ebay.com,0
https://stackoverflow.com/dashboard,0
https://shopify.com/about,0
https://chase.com/news?page=87,0
https://ebay.com/,0
https://chase.com?page=64,0
https://chase.com/news,0
http://microsoft.com/dashboard,0
http://nytimes.com/home,0
https://twitter.com/news,0
https://youtube.com/home,0
https://walmart.com/home,0
https://amazon.com/,0
https://bbc.com/contact,0
https://reddit.com/settings,0
https://facebook.com/profile,0
https://theguardian.com/help,0
https://bankofamerica.com/index.html,0
https://instagram.com/index.html,0
https://wikipedia.org/index.html,0
https://microsoft.com/blog,0
https://instagram.com/login,0
https://theguardian.com,0
https://shopify.com/news,0
http://walmart.com/blog,0
https://cnn.com/search?page=24,0
https://nytimes.com/profile?page=22,0
https://chase.com/faq,0
https://microsoft.com/login,0
https://paypal.com/faq,0
http://youtube.com/,0
https://amazon.com/about,0
https://shopify.com/faq?page=47,0
https://linkedin.com/settings,0
https://microsoft.com/products,0
https://instagram.com/products,0
https://cnn.com/blog,0
https://microsoft.com/search,0
https://medium.com/login,0
http://wellsfargo.com/about,0
https://bankofamerica.com/products,0
https://theguardian.com/products,0
https://nytimes.com/contact,0
https://bbc.com/news,0
https://linkedin.com/news,0
https://bbc.com/login,0
https://wikipedia.org/news,0
https://instagram.com/about?page=68,0
https://bbc.com/home,0
https://twitter.com/news,0
https://chase.com/blog,0
https://youtube.com/index.html,0
https://shopify.com/help?page=2,0
https://instagram.com/search,0
http://chase.com/blog,0
https://theguardian.com,0
https://reddit.com/products,0
https://target.com/products,0
http://github.com/services,0
http://instagram.com/signup,0
https://target.com/news,0
https://amazon.com,0
https://microsoft.com/products,0
https://theguardian.com/blog,0
http://microsoft.com/,0
https://wellsfargo.com/dashboard,0
https://reddit.com/settings,0
http://target.com/news,0
https://instagram.com/home,0
https://bankofamerica.com/products,0
https://theguardian.com/,0
https://bestbuy.com/dashboard,0
https://twitter.com/profile,0
https://twitter.com/home,0
https://bestbuy.com/login?page=65,0
https://stackoverflow.com/search,0
https://facebook.com/faq,0
https://cnn.com/about,0
https://linkedin.com/about,0
https://apple.com/settings?page=32,0
https://wikipedia.org/dashboard,0
http://paypal.com/support?page=30,0
https://bbc.com/news?page=65,0
https://github.com/news?page=15,0
https://wellsfargo.com/,0
https://ebay.com/index.html,0
https://facebook.com/products,0
https://google.com/?page=54,0
https://bankofamerica.com/products,0
https://google.com/blog,0
https://instagram.com/products,0
https://reddit.com/home?page=36,0
https://instagram.com/contact?page=56,0
https://reddit.com/settings?page=64,0
http://bbc.com/,0
https://ebay.com/support?page=82,0
https://cnn.com/contact?page=57,0
https://wellsfargo.com,0
https://shopify.com/home?page=13,0
https://bankofamerica.com/profile?page=94,0
https://wellsfargo.com/settings,0
http://cnn.com?page=24,0
https://twitter.com/profile,0
https://bestbuy.com/faq,0
https://google.com/index.html,0
http://ebay.com/,0
https://google.com/contact?page=26,0
https://youtube.com/profile?page=85,0
http://cnn.com/help,0
https://ebay.com/pricing?page=63,0
https://reddit.com/settings,0
http://linkedin.com/blog,0
https://nytimes.com/index.html,0
https://paypal.com/search,0
http://bestbuy.com/login?page=69,0
https://walmart.com/faq,0
https://bankofamerica.com/products,0
https://chase.com/faq,0
https://microsoft.com/news,0
http://ebay.com/search,0
https://netflix.com/home,0
https://ebay.com/settings,0
https://bankofamerica.com/search,0
https://google.com/services,0
https://medium.com/faq,0
https://stackoverflow.com/news,0
https://walmart.com/login?page=22,0
https://cnn.com/index.html,0
https://walmart.com/blog?page=50,0
https://paypal.com/blog,0
https://paypal.com/about,0
https://twitter.com/,0
https://linkedin.com/signup?page=86,0
http://bankofamerica.com/,0
http://instagram.com/products,0
https://wellsfargo.com/news?page=67,0
http://github.com/signup,0
https://target.com/contact,0
https://chase.com,0
https://stackoverflow.com/settings,0
http://bbc.com/signup,0
https://nytimes.com/support,0
https://bankofamerica.com/about,0
https://reddit.com/services,0
https://medium.com/home,0
https://stackoverflow.com/profile,0
https://github.com/?page=4,0
https://ebay.com/news,0
https://paypal.com/faq,0
https://theguardian.com/news,0
https://wikipedia.org/about,0
http://chase.com/contact,0
https://cnn.com/dashboard,0
https://chase.com/faq,0
https://theguardian.com/services,0
https://wellsfargo.com/login,0
https://instagram.com/news,0
https://paypal.com/home?page=91,0
https://shopify.com/api/v1/users,0
http://paypal.com/pricing,0
https://wellsfargo.com/home,0
https://amazon.com/home,0
https://apple.com/faq,0
https://wellsfargo.com/dashboard,0
https://facebook.com/api/v1/users?page=8,0
https://nytimes.com/support,0
https://medium.com/pricing?page=35,0
http://twitter.com/pricing,0
https://stackoverflow.com/news,0
https://bbc.com/services,0
https://nytimes.com/login?page=93,0
https://netflix.com/index.html,0
https://github.com/home?page=97,0
https://bbc.com/help,0
https://bbc.com/login,0
https://microsoft.com/pricing,0
https://theguardian.com/profile,0
https://microsoft.com/dashboard,0
https://reddit.com/products,0
https://google.com/signup,0
https://theguardian.com/settings?page=23,0
https://instagram.com/api/v1/users,0
https://google.com/about,0
https://youtube.com/pricing,0
https://netflix.com/news,0
https://bankofamerica.com,0
https://nytimes.com/dashboard,0
https://google.com/services,0
https://wikipedia.org/about,0
https://microsoft.com/about?page=32,0
https://microsoft.com/signup,0
https://cnn.com/about?page=4,0
https://chase.com/services,0
https://microsoft.com/?page=45,0
https://nytimes.com/signup,0
https://facebook.com/pricing,0
http://instagram.com/index.html,0
https://bbc.com/help?page=14,0
https://google.com/api/v1/users,0
http://cnn.com/signup,0
http://github.com/signup,0
https://paypal.com/login,0
https://chase.com/pricing,0
https://instagram.com/products,0
https://amazon.com/home,0
https://target.com/faq,0
https://instagram.com/pricing,0
http://wikipedia.org/about?page=43,0
https://stackoverflow.com/help,0
https://bbc.com/products,0
https://bestbuy.com/search,0
https://paypal.com/faq,0
https://cnn.com/faq,0
https://stackoverflow.com/faq,0
https://ebay.com/index.html,0
https://theguardian.com/faq,0
https://linkedin.com/index.html,0
https://wellsfargo.com/dashboard,0
https://walmart.com/pricing,0
https://cnn.com/contact?page=23,0
https://linkedin.com/index.html,0
http://wellsfargo.com/help?page=75,0
https://facebook.com/support,0
https://twitter.com/home,0
https://wikipedia.org/search,0
https://theguardian.com/settings?page=82,0
https://apple.com/,0
https://linkedin.com/index.html,0
https://twitter.com/api/v1/users,0
https://nytimes.com/news,0
https://chase.com/dashboard?page=59,0
https://walmart.com/help,0
https://bestbuy.com/signup,0
https://medium.com/pricing,0
https://theguardian.com/signup,0
https://amazon.com/signup,0
https://bestbuy.com/settings,0
https://twitter.com/index.html,0
https://instagram.com/search,0
https://apple.com/dashboard,0
https://ebay.com/news,0
https://reddit.com/dashboard,0
http://nytimes.com/settings?page=34,0
http://cnn.com/products?page=7,0
http://github.com,0
http://ebay.com/about,0
https://bankofamerica.com/home?page=40,0
https://facebook.com/contact,0
https://twitter.com/services?page=3,0
https://youtube.com/pricing?page=96,0
https://apple.com/,0
https://bankofamerica.com/help,0
https://stackoverflow.com,0
https://youtube.com/dashboard,0
https://apple.com/products,0
https://ebay.com/index.html,0
https://nytimes.com/index.html?page=16,0
https://apple.com/index.html?page=90,0
https://ebay.com/faq?page=79,0
https://stackoverflow.com/support,0
https://shopify.com/products,0
https://amazon.com/settings,0
https://cnn.com/support,0
https://wellsfargo.com/settings,0
https://google.com/profile,0
https://target.com,0
http://facebook.com/,0
https://stackoverflow.com,0
http://wikipedia.org/,0
https://microsoft.com/profile,0
https://target.com/profile?page=46,0
https://wellsfargo.com/api/v1/users,0
https://instagram.com/contact,0
https://twitter.com/?page=95,0
https://shopify.com,0
http://medium.com/news,0
https://ebay.com/search,0
https://google.com/services?page=6,0
https://google.com/home,0
https://cnn.com/pricing,0
https://theguardian.com/profile,0
https://bestbuy.com/services,0
https://medium.com/dashboard,0
https://bestbuy.com/login,0
https://medium.com/index.html,0
https://wikipedia.org/news,0
https://apple.com/services,0
https://shopify.com/login,0
https://youtube.com/home,0
https://bestbuy.com/pricing?page=72,0
http://ebay.com/home,0
https://bankofamerica.com/dashboard,0
https://wikipedia.org/home,0
https://bankofamerica.com/about?page=40,0
https://bestbuy.com/home,0
https://youtube.com/settings,0
https://google.com/home,0
https://linkedin.com/index.html,0
https://instagram.com/pricing,0
https://medium.com/services,0
https://netflix.com/api/v1/users,0
http://microsoft.com/home?page=50,0
https://theguardian.com?page=38,0
https://microsoft.com/signup?page=60,0
https://target.com/profile,0
https://paypal.com/,0
http://paypal.com/news,0
https://wikipedia.org/faq,0
https://stackoverflow.com/services,0
https://microsoft.com/about,0
https://nytimes.com/faq,0
https://bankofamerica.com/contact,0
https://wikipedia.org/pricing,0
https://linkedin.com/dashboard,0
https://amazon.com/profile,0
https://wikipedia.org/help,0
https://ebay.com/,0
https://microsoft.com/login,0
https://shopify.com/blog,0
https://instagram.com/search,0
https://wikipedia.org/index.html,0
https://bankofamerica.com/,0
https://theguardian.com/news,0
http://theguardian.com/api/v1/users?page=36,0
https://bankofamerica.com/settings,0
http://microsoft.com/about,0
https://shopify.com/index.html,0
https://bbc.com/signup?page=45,0
https://linkedin.com?page=54,0
https://twitter.com/home,0
https://twitter.com,0
https://ebay.com/products?page=44,0
http://ebay.com/settings,0
https://ebay.com/search,0
https://reddit.com/settings,0
https://target.com/home?page=43,0
https://chase.com,0
https://paypal.com/products,0
http://ebay.com/dashboard,0
https://wikipedia.org/login,0
https://cnn.com/profile,0
https://github.com/login,0
https://stackoverflow.com/faq,0
https://medium.com/support,0
https://bbc.com/blog,0
https://github.com/search?page=74,0
http://apple.com/,0
https://theguardian.com,0
https://medium.com/index.html,0
https://stackoverflow.com/index.html,0
https://github.com/home,0
https://bestbuy.com/services,0
https://cnn.com/dashboard?page=50,0
https://google.com/settings?page=27,0
https://microsoft.com/signup,0
https://github.com/contact,0
https://ebay.com/faq,0
https://medium.com/about,0
https://paypal.com/products,0
https://bestbuy.com/blog,0
https://stackoverflow.com/news,0
https://bbc.com/search,0
https://youtube.com/news,0
https://nytimes.com/signup,0
https://chase.com/profile,0
https://facebook.com/profile,0
http://shopify.com/settings,0
https://reddit.com/faq,0
https://bankofamerica.com/news,0
https://chase.com/help?page=58,0
https://google.com/pricing,0
https://github.com/,0
https://bankofamerica.com/faq,0
https://bestbuy.com/login,0
https://nytimes.com/dashboard,0
https://bestbuy.com/about,0
https://walmart.com/faq?page=2,0
https://medium.com/api/v1/users,0
https://amazon.com/index.html,0
https://youtube.com/signup,0
https://medium.com/profile,0
https://bankofamerica.com/signup,0
https://medium.com/faq?page=99,0
https://chase.com/settings,0
https://paypal.com/support,0
https://bestbuy.com/products,0
https://medium.com/profile,0
https://walmart.com/dashboard,0
https://linkedin.com/pricing?page=61,0
https://twitter.com/api/v1/users,0
https://paypal.com/profile,0
https://google.com/blog,0
https://chase.com/blog,0
https://shopify.com/pricing,0
https://stackoverflow.com/settings,0
https://linkedin.com/profile,0
https://amazon.com/search,0
https://wikipedia.org/support,0
https://microsoft.com/support?page=47,0
https://bbc.com/blog?page=26,0
https://github.com/faq?page=97,0
https://shopify.com/faq,0
https://target.com/blog,0
https://apple.com,0
https://wellsfargo.com/products,0
https://bankofamerica.com/index.html,0
https://ebay.com/news,0
https://cnn.com/faq,0
https://reddit.com/services?page=39,0
https://paypal.com/faq,0
https://target.com/,0
https://shopify.com/support,0
https://netflix.com/services,0
https://medium.com/login?page=58,0
https://amazon.com/help,0
https://wellsfargo.com/api/v1/users?page=16,0
https://medium.com/api/v1/users,0
https://microsoft.com/news?page=50,0
http://wellsfargo.com/signup,0
https://wikipedia.org/index.html,0
https://target.com/support,0
https://netflix.com/blog,0
https://theguardian.com/blog,0
http://bankofamerica.com/index.html?page=3,0
https://netflix.com,0
https://facebook.com/settings?page=66,0
http://wellsfargo.com/news,0
https://chase.com/services,0
https://shopify.com/home?page=6,0
https://bankofamerica.com/index.html,0
https://stackoverflow.com/dashboard,0
http://nytimes.com/faq,0
https://github.com/api/v1/users,0
https://facebook.com/products,0
https://paypal.com/support,0
https://twitter.com/login,0
https://chase.com/profile,0
https://bbc.com/help?page=40,0
https://bestbuy.com/api/v1/users?page=16,0
https://bestbuy.com/faq?page=16,0
https://cnn.com,0
https://youtube.com/news,0
https://shopify.com/profile?page=17,0
https://chase.com/support?page=39,0
https://target.com/news,0
https://theguardian.com/blog?page=60,0
https://stackoverflow.com/blog,0
https://facebook.com/profile?page=40,0
https://linkedin.com/support,0
https://chase.com/products,0
https://ebay.com/search,0
https://github.com/settings,0
https://medium.com/signup,0
https://microsoft.com/settings,0
https://wikipedia.org/contact,0
https://chase.com/?page=53,0
https://bankofamerica.com/home,0
https://walmart.com/support?page=46,0
https://facebook.com/help?page=99,0
https://stackoverflow.com/profile?page=59,0
https://walmart.com/search,0
https://netflix.com/faq?page=26,0
https://stackoverflow.com/signup,0
https://wikipedia.org/news?page=89,0
https://paypal.com/signup,0
https://google.com/login,0
https://microsoft.com/faq,0
https://chase.com/login,0
http://wikipedia.org/login,0
https://microsoft.com/support?page=68,0
https://shopify.com/search,0
https://wikipedia.org/?page=5,0
https://walmart.com/blog?page=33,0
https://youtube.com/news,0
https://bbc.com/contact,0
https://walmart.com/api/v1/users?page=25,0
https://stackoverflow.com/signup,0
http://nytimes.com/home,0
https://chase.com/dashboard,0
https://cnn.com/settings,0
https://chase.com/search,0
https://google.com/news?page=76,0
https://nytimes.com/index.html,0
https://amazon.com/contact,0
https://shopify.com/search,0
https://walmart.com/news,0
https://chase.com/api/v1/users,0
https://walmart.com/news,0
https://bestbuy.com,0
https://google.com/,0
https://walmart.com/pricing?page=55,0
https://theguardian.com/news?page=65,0
https://nytimes.com/support,0
https://wellsfargo.com/index.html,0
https://nytimes.com/search?page=89,0
https://cnn.com/profile,0
https://stackoverflow.com/api/v1/users,0
https://walmart.com/signup,0
https://microsoft.com/services,0
https://bestbuy.com/dashboard,0
https://netflix.com,0
https://apple.com/index.html,0
https://apple.com/about,0
https://wikipedia.org/dashboard,0
https://google.com/home,0
https://stackoverflow.com/news,0
https://bankofamerica.com/news,0
https://reddit.com/search?page=54,0
https://ebay.com/services,0
https://amazon.com/signup,0
https://instagram.com/profile?page=88,0
https://netflix.com/products,0
https://ebay.com/api/v1/users,0
https://github.com,0
https://facebook.com/search?page=4,0
https://netflix.com/pricing?page=62,0
https://nytimes.com/index.html,0
https://stackoverflow.com/about,0
http://google.com/news,0
https://cnn.com/faq,0
https://wellsfargo.com/dashboard,0
https://bestbuy.com/dashboard,0
https://ebay.com/profile,0
https://bestbuy.com/search,0
https://stackoverflow.com/support?page=90,0
https://stackoverflow.com/signup,0
https://google.com/home,0
https://paypal.com/settings?page=30,0
https://facebook.com/index.html,0
https://instagram.com,0
https://walmart.com/support?page=50,0
https://bbc.com,0
https://nytimes.com/support,0
https://bestbuy.com/services?page=79,0
https://cnn.com/services,0
https://shopify.com/home,0
https://medium.com/services,0
http://medium.com/blog,0
https://google.com/home?page=7,0
https://apple.com/services?page=40,0
https://facebook.com/pricing,0
https://microsoft.com/home,0
https://youtube.com/,0
https://netflix.com/pricing,0
https://bbc.com/about,0
https://target.com/services,0
https://bbc.com/services?page=6,0
https://target.com/support,0
https://wikipedia.org/settings,0
https://walmart.com/faq?page=70,0
https://microsoft.com/profile,0
http://ebay.com/help,0
https://microsoft.com/products,0
https://youtube.com/dashboard?page=76,0
https://medium.com/login,0
https://cnn.com/profile,0
https://reddit.com/blog,0
https://shopify.com/signup?page=24,0
http://reddit.com/services,0
https://youtube.com,0
http://theguardian.com/dashboard,0
https://bbc.com/login?page=69,0
https://paypal.com/index.html,0
http://reddit.com/about,0
https://google.com/blog,0
https://stackoverflow.com,0
https://facebook.com/,0
https://reddit.com/faq?page=98,0
https://google.com/services,0
https://amazon.com/news,0
https://stackoverflow.com/help,0
https://apple.com/profile,0
https://microsoft.com/faq,0
https://instagram.com/contact?page=92,0
https://target.com/services,0
https://facebook.com/index.html,0
https://wellsfargo.com/blog,0
http://bestbuy.com/support,0
https://wikipedia.org/help,0
https://bankofamerica.com/news,0
https://apple.com/services,0
https://google.com/home?page=47,0
https://bbc.com/dashboard?page=42,0
https://paypal.com/products,0
https://nytimes.com/api/v1/users,0
https://amazon.com/blog,0
https://nytimes.com/profile,0
https://github.com/about,0
https://twitter.com/,0
https://stackoverflow.com/login,0
https://google.com/news?page=65,0
https://bbc.com/login,0
https://facebook.com/settings,0
https://wellsfargo.com/search,0
https://chase.com/home,0
https://target.com/news,0
https://bankofamerica.com,0
https://bbc.com/home,0
https://instagram.com/dashboard,0
https://wikipedia.org/faq?page=86,0
https://stackoverflow.com/home,0
https://wellsfargo.com/help,0
https://theguardian.com/blog,0
https://ebay.com/dashboard,0
https://wikipedia.org/faq?page=11,0
https://instagram.com/pricing,0
https://amazon.com/signup,0
https://facebook.com/help,0
https://bankofamerica.com/help?page=87,0
https://facebook.com/pricing,0
https://instagram.com/dashboard?page=91,0
https://bbc.com/help?page=77,0
https://bestbuy.com/login,0
https://stackoverflow.com/profile,0
https://stackoverflow.com/help,0
https://twitter.com/blog,0
https://amazon.com/signup,0
https://instagram.com/profile,0
https://target.com/contact,0
https://twitter.com/search,0
https://target.com/products?page=34,0
https://bestbuy.com/index.html,0
https://ebay.com/support,0
https://netflix.com/signup?page=50,0
https://nytimes.com/contact,0
https://reddit.com/settings,0
https://twitter.com/blog,0
http://youtube.com/settings?page=94,0
https://shopify.com/services,0
https://github.com/settings?page=35,0
https://ebay.com/faq,0
https://bestbuy.com/settings,0
http://facebook.com/signup,0
https://wellsfargo.com/api/v1/users,0
https://netflix.com/login,0
https://wellsfargo.com/signup,0
https://wikipedia.org/home,0
https://walmart.com/support,0
https://theguardian.com/faq,0
https://github.com/settings,0
http://linkedin.com/blog,0
https://walmart.com/search,0
https://medium.com/,0
https://shopify.com/blog,0
https://cnn.com/news,0
https://amazon.com/about,0
https://netflix.com/home,0
https://netflix.com?page=64,0
https://bestbuy.com/help,0
http://amazon.com/pricing,0
https://medium.com/news,0
https://youtube.com/,0
https://twitter.com/settings?page=31,0
https://amazon.com/support,0
https://youtube.com/index.html?page=22,0
https://stackoverflow.com/index.html,0
https://stackoverflow.com/,0
https://paypal.com/about,0
https://ebay.com/about?page=78,0
https://bestbuy.com/support,0
https://microsoft.com/search,0
https://reddit.com/index.html?page=55,0
https://ebay.com/index.html,0
https://theguardian.com/,0
https://twitter.com/products?page=13,0
https://youtube.com/api/v1/users,0
https://nytimes.com/about,0
https://stackoverflow.com/help,0
https://nytimes.com/?page=13,0
https://stackoverflow.com/signup,0
https://microsoft.com/search,0
https://shopify.com/profile,0
https://nytimes.com/blog,0
https://wellsfargo.com,0
https://reddit.com/dashboard,0
https://walmart.com/home,0
https://shopify.com/index.html,0
http://bestbuy.com/login,0
https://twitter.com/pricing?page=69,0
https://target.com/search,0
https://reddit.com/services,0
https://youtube.com/dashboard,0
http://instagram.com/settings?page=74,0
https://target.com/settings,0
https://github.com/search,0
https://bestbuy.com/profile,0
https://wellsfargo.com/profile,0
https://medium.com/blog,0
https://nytimes.com/home,0
https://medium.com/,0
https://target.com/services,0
https://netflix.com/profile,0
https://microsoft.com/news,0
https://walmart.com/products?page=24,0
https://wikipedia.org/profile,0
https://ebay.com/api/v1/users,0
https://microsoft.com/signup,0
https://twitter.com/contact,0
https://wikipedia.org/about?page=74,0
http://shopify.com/index.html,0
https://cnn.com/index.html,0
https://stackoverflow.com/help,0
https://target.com/blog,0
https://apple.com/index.html,0
https://bestbuy.com/blog,0
https://instagram.com/support,0
https://twitter.com/contact,0
https://bbc.com/profile?page=30,0
https://instagram.com/login,0
https://cnn.com/settings,0
https://ebay.com/dashboard,0
https://ebay.com,0
https://wikipedia.org/contact,0
https://paypal.com/help,0
https://cnn.com,0
https://instagram.com/faq?page=53,0
https://google.com/faq,0
http://theguardian.com/login,0
https://facebook.com/pricing,0
https://target.com/products,0
https://wikipedia.org/signup,0
http://youtube.com/signup?page=15,0
http://theguardian.com/faq,0
https://netflix.com/login?page=43,0
https://facebook.com/help,0
https://reddit.com/profile,0
https://bestbuy.com/help,0
https://walmart.com,0
https://bestbuy.com,0
https://twitter.com/api/v1/users,0
https://google.com/signup,0
https://paypal.com/profile,0
https://stackoverflow.com/pricing,0
https://facebook.com/dashboard,0
https://linkedin.com/search,0
https://theguardian.com/home,0
https://apple.com/pricing,0
https://netflix.com/,0
https://reddit.com/products,0
https://linkedin.com/news,0
https://facebook.com/login,0
https://youtube.com/dashboard,0
https://twitter.com/help?page=85,0
https://bbc.com/about,0
https://amazon.com/contact,0
https://twitter.com/products,0
https://medium.com/contact,0
https://reddit.com/contact,0
https://netflix.com/help,0
https://google.com/help?page=94,0
https://apple.com/login,0
https://amazon.com/help,0
https://youtube.com/profile?page=68,0
https://bestbuy.com/index.html,0
https://netflix.com/about?page=21,0
https://bankofamerica.com/,0
https://twitter.com/home,0
https://shopify.com/news,0
https://linkedin.com/home,0
https://facebook.com/login,0
https://target.com/news?page=42,0
https://medium.com/profile?page=11,0
https://cnn.com/products?page=53,0
https://walmart.com/help,0
https://wellsfargo.com/signup,0
https://paypal.com/api/v1/users?page=49,0
https://nytimes.com/,0
https://youtube.com/help,0
http://medium.com/pricing,0
https://netflix.com/dashboard,0
https://medium.com/?page=98,0
https://youtube.com/profile?page=71,0
https://cnn.com/about?page=21,0
https://youtube.com/services?page=91,0
https://google.com/news,0
http://target.com/about,0
https://bankofamerica.com,0
http://youtube.com/home,0
http://facebook.com/home,0
https://microsoft.com/blog,0
https://microsoft.com/dashboard?page=49,0
https://bestbuy.com?page=79,0
https://ebay.com,0
https://wikipedia.org/about,0
https://amazon.com/home,0
https://wellsfargo.com/login,0
https://paypal.com/contact,0
https://netflix.com/api/v1/users,0
https://netflix.com/settings?page=9,0
https://microsoft.com?page=2,0
https://ebay.com/faq,0
https://target.com/help,0
https://microsoft.com/news?page=94,0
https://wellsfargo.com/products,0
https://bbc.com/about,0
https://ebay.com/home,0
https://stackoverflow.com/profile,0
http://shopify.com/contact,0
https://shopify.com/contact,0
https://ebay.com/news?page=79,0
https://ebay.com/api/v1/users,0
https://twitter.com/blog,0
https://instagram.com/support?page=74,0
https://twitter.com/index.html,0
https://paypal.com/pricing,0
http://microsoft.com/about,0
https://amazon.com/faq,0
https://reddit.com/home,0
https://wikipedia.org/faq,0
https://google.com/services,0
https://nytimes.com/blog,0
https://bestbuy.com/signup,0
https://bestbuy.com/help?page=8,0
https://shopify.com/blog,0
https://wellsfargo.com/search,0
https://twitter.com/settings,0
https://instagram.com/,0
https://target.com/faq,0
https://chase.com/pricing,0
https://cnn.com/help,0
http://google.com/home,0
https://cnn.com/login,0
https://target.com/settings?page=53,0
https://facebook.com/blog,0
https://twitter.com/profile,0
https://paypal.com/index.html,0
https://instagram.com/profile,0
https://instagram.com/profile,0
https://facebook.com,0
https://cnn.com/settings,0
https://nytimes.com/login,0
https://bestbuy.com/api/v1/users,0
https://reddit.com/faq?page=42,0
http://cnn.com/services,0
https://nytimes.com,0
https://microsoft.com/,0
http://reddit.com/dashboard?page=7,0
https://github.com/dashboard,0
https://medium.com/,0
https://amazon.com/pricing?page=80,0
https://theguardian.com/,0
https://bbc.com/api/v1/users,0
https://google.com/services,0
https://netflix.com,0
https://wikipedia.org/settings,0
https://theguardian.com/login,0
https://reddit.com/settings,0
https://medium.com/news,0
https://netflix.com/services,0
https://bbc.com/help,0
https://netflix.com,0
https://shopify.com/signup,0
https://wellsfargo.com/api/v1/users,0
https://bankofamerica.com,0
https://target.com/support,0
http://youtube.com/profile,0
https://linkedin.com/faq,0
https://twitter.com/settings,0
https://ebay.com/dashboard?page=59,0
https://paypal.com/faq,0
https://reddit.com/api/v1/users,0
https://cnn.com/pricing,0
https://stackoverflow.com/about,0
https://reddit.com/contact,0
https://wellsfargo.com/contact,0
https://medium.com/,0
https://target.com/home,0
https://netflix.com/help,0
https://netflix.com/about,0
https://facebook.com/,0
https://reddit.com/index.html?page=9,0
https://stackoverflow.com/search,0
https://microsoft.com/home,0
http://shopify.com/support?page=28,0
https://shopify.com/help,0
https://reddit.com/support,0
https://wikipedia.org/support,0
https://medium.com,0
https://google.com/search,0
https://target.com/dashboard,0
http://facebook.com,0
https://nytimes.com/home,0
https://wellsfargo.com,0
https://github.com/products?page=91,0
https://cnn.com/blog,0
https://instagram.com,0
https://github.com/news,0
https://chase.com/support,0
https://shopify.com/news?page=30,0
https://linkedin.com/products,0
https://chase.com/profile,0
https://target.com/about,0
https://ebay.com/signup,0
https://netflix.com/api/v1/users,0
https://stackoverflow.com/home,0
https://ebay.com/pricing,0
https://reddit.com/services,0
https://twitter.com,0
https://nytimes.com/about,0
https://paypal.com/services,0
https://walmart.com/products,0
https://twitter.com/support,0
https://paypal.com/?page=63,0
https://facebook.com/home,0
https://stackoverflow.com/about,0
https://reddit.com/settings,0
https://medium.com/blog,0
http://paypal.com/news,0
https://medium.com/services,0
https://cnn.com/about,0
https://wellsfargo.com/products,0
https://amazon.com/profile,0
https://github.com/api/v1/users,0
https://theguardian.com/dashboard,0
https://wikipedia.org/dashboard,0
https://amazon.com/home,0
https://theguardian.com/,0
https://paypal.com/about,0
https://facebook.com/,0
https://shopify.com/help,0
https://ebay.com/settings,0
https://github.com/about,0
https://chase.com/signup?page=10,0
https://target.com/blog,0
https://cnn.com/dashboard?page=51,0
https://walmart.com/about,0
https://paypal.com/profile,0
https://walmart.com/contact?page=74,0
https://cnn.com/search?page=35,0
https://medium.com/index.html?page=2,0
https://wikipedia.org/news,0
https://apple.com/login,0
https://twitter.com/faq,0
https://target.com/home,0
https://amazon.com/settings,0
https://nytimes.com/settings,0
https://bankofamerica.com/home,0
https://nytimes.com/home,0
https://google.com/services?page=25,0
https://google.com/settings,0
https://github.com/news,0
https://linkedin.com/blog,0
https://youtube.com/profile,0
https://wikipedia.org/products,0
https://paypal.com/about,0
https://chase.com/api/v1/users,0
https://shopify.com/index.html,0
https://amazon.com/services,0
http://nytimes.com/pricing?page=68,0
https://apple.com/profile,0
https://paypal.com/signup,0
https://facebook.com/api/v1/users,0
http://github.com/about,0
https://medium.com/contact,0
https://cnn.com/news,0
https://microsoft.com/about,0
https://target.com/news,0
https://google.com/settings?page=68,0
https://bankofamerica.com/profile,0
https://target.com/api/v1/users,0
https://microsoft.com/,0
https://amazon.com/about,0
https://amazon.com/faq,0
https://instagram.com/api/v1/users,0
https://wellsfargo.com/signup?page=45,0
https://cnn.com/home,0
https://netflix.com/index.html?page=58,0
https://apple.com/home,0
https://apple.com/?page=56,0
https://medium.com/dashboard,0
http://wikipedia.org/signup,0
http://wellsfargo.com/news?page=19,0
https://shopify.com/faq?page=70,0
https://facebook.com/signup,0
https://apple.com/help,0
https://netflix.com/api/v1/users,0
https://ebay.com/api/v1/users,0
https://paypal.com/help?page=19,0
https://cnn.com/home?page=56,0
https://amazon.com/index.html,0
https://ebay.com/home,0
http://reddit.com/profile,0
https://shopify.com/search,0
http://linkedin.com/profile?page=3,0
https://nytimes.com/settings,0
https://theguardian.com/home,0
https://walmart.com/profile,0
https://shopify.com/products,0
https://target.com/home,0
https://reddit.com/search,0
https://stackoverflow.com/dashboard,0
https://github.com/api/v1/users,0
https://medium.com/,0
https://theguardian.com/api/v1/users?page=50,0
http://apple.com/about,0
http://ebay.com/index.html,0
https://google.com/profile,0
https://bbc.com/pricing,0
https://netflix.com/profile,0
https://wellsfargo.com/home,0
https://linkedin.com/services,0
https://google.com/pricing,0
https://paypal.com/login,0
http://reddit.com/pricing,0
https://bankofamerica.com/,0
https://cnn.com/home,0
https://google.com/dashboard,0
https://github.com,0
https://stackoverflow.com,0
https://ebay.com/pricing,0
https://instagram.com/api/v1/users,0
https://google.com/search,0
https://netflix.com/products,0
https://google.com/signup,0
https://wikipedia.org/contact,0
https://chase.com/support,0
https://google.com/dashboard,0
https://microsoft.com/contact,0
https://bestbuy.com/news,0
https://instagram.com/,0
http://nytimes.com/faq,0
https://walmart.com/,0
https://github.com/?page=40,0
https://theguardian.com/?page=45,0
http://target.com/support,0
https://facebook.com/api/v1/users,0
https://walmart.com/settings,0
https://theguardian.com,0
https://target.com/search,0
https://stackoverflow.com/search,0
https://paypal.com,0
https://linkedin.com/profile?page=65,0
https://google.com/blog,0
https://shopify.com/signup,0
https://chase.com/signup,0
https://theguardian.com/api/v1/users,0
https://youtube.com/products,0
https://bestbuy.com/profile,0
https://instagram.com/pricing,0
https://target.com/,0
https://medium.com/signup,0
https://google.com/contact,0
http://instagram.com/products,0
https://paypal.com/settings,0
https://paypal.com/,0
https://walmart.com/news,0
https://target.com/api/v1/users,0
https://reddit.com/dashboard?page=91,0
https://instagram.com/dashboard?page=24,0
https://bankofamerica.com/login,0
https://youtube.com/signup?page=27,0
https://nytimes.com/dashboard,0
http://reddit.com/news?page=32,0
https://instagram.com/faq,0
https://instagram.com/contact,0
https://linkedin.com/api/v1/users,0
https://theguardian.com/blog,0
https://ebay.com/about?page=14,0
https://microsoft.com/faq,0
https://wellsfargo.com/settings,0
https://paypal.com/home,0
https://amazon.com/api/v1/users,0
https://paypal.com/news,0
https://netflix.com,0
https://microsoft.com/help,0
https://bankofamerica.com/profile,0
http://bankofamerica.com/index.html,0
https://bestbuy.com/support,0
http://walmart.com/settings,0
https://linkedin.com/signup,0
https://apple.com/api/v1/users,0
https://nytimes.com/profile,0
https://microsoft.com/home,0
https://walmart.com/api/v1/users?page=73,0
https://bbc.com/products?page=41,0
https://github.com/search?page=49,0
http://stackoverflow.com/help,0
https://amazon.com/news,0
https://microsoft.com/about,0
https://reddit.com/about,0
https://bankofamerica.com/contact,0
https://bestbuy.com/settings,0
https://linkedin.com/index.html,0
https://facebook.com/blog,0
https://cnn.com/blog,0
https://cnn.com/contact?page=77,0
https://facebook.com/support,0
https://cnn.com/pricing,0
https://shopify.com/pricing,0
https://target.com/pricing,0
https://nytimes.com/profile,0
http://linkedin.com/help?page=68,0
https://amazon.com/dashboard,0
https://ebay.com/settings?page=70,0
https://walmart.com/contact,0
http://paypal.com/index.html,0
https://bestbuy.com/dashboard,0
https://bestbuy.com/home,0
https://wellsfargo.com/news,0
https://cnn.com/profile?page=21,0
https://youtube.com/profile,0
https://bankofamerica.com/products,0
https://chase.com/faq,0
http://cnn.com/news,0
https://bbc.com/index.html,0
https://theguardian.com/help,0
https://microsoft.com/help,0
http://ebay.com/settings?page=93,0
https://theguardian.com/profile?page=22,0
https://bestbuy.com,0
https://ebay.com,0
https://stackoverflow.com/search,0
https://microsoft.com/login,0
https://target.com/help,0
https://walmart.com/news,0
http://ebay.com/about,0
https://wikipedia.org/settings,0
https://amazon.com/contact?page=58,0
https://ebay.com/home,0
https://github.com/settings?page=41,0
https://cnn.com/login?page=51,0
https://facebook.com/settings,0
https://shopify.com/home,0
https://medium.com/?page=39,0
https://shopify.com/services,0
https://bbc.com/api/v1/users,0
https://bestbuy.com/search?page=40,0
https://wellsfargo.com/faq,0
https://bankofamerica.com/services,0
https://walmart.com/news?page=20,0
https://walmart.com/login,0
https://walmart.com/login,0
https://cnn.com/news?page=45,0
https://reddit.com/signup,0
https://walmart.com/support,0
https://ebay.com/pricing?page=93,0
https://target.com/about,0
https://instagram.com,0
https://walmart.com/login?page=51,0
https://medium.com/home?page=33,0
https://linkedin.com/,0
https://github.com/index.html,0
https://amazon.com/services?page=51,0
https://twitter.com/home?page=41,0
https://target.com/blog?page=99,0
https://wellsfargo.com/index.html,0
https://bbc.com/about?page=98,0
https://ebay.com/login,0
https://netflix.com/contact,0
https://netflix.com/pricing,0
https://netflix.com/services,0
https://medium.com/,0
https://paypal.com/index.html?page=22,0
http://shopify.com/pricing,0
https://bbc.com/profile,0
https://linkedin.com/faq?page=60,0
https://instagram.com/profile,0
https://apple.com/profile,0
https://wikipedia.org/search,0
https://google.com/services,0
https://shopify.com/home,0
https://nytimes.com/login,0
https://paypal.com/settings,0
https://youtube.com/about,0
https://ebay.com/contact?page=61,0
https://theguardian.com/blog,0
https://linkedin.com/services,0
https://amazon.com/dashboard,0
http://apple.com,0
https://medium.com/search?page=19,0
https://nytimes.com/blog,0
https://chase.com,0
https://netflix.com/help,0
https://medium.com/api/v1/users,0
http://ebay.com,0
https://facebook.com/api/v1/users?page=79,0
https://walmart.com/signup?page=78,0
https://target.com/products,0
https://linkedin.com/login,0
https://youtube.com/index.html?page=45,0
http://netflix.com/services,0
https://target.com/dashboard,0
http://ebay.com/products,0
https://theguardian.com/index.html?page=5,0
https://walmart.com/support,0
https://youtube.com/faq,0
https://theguardian.com/settings,0
https://amazon.com/,0
https://instagram.com/index.html,0
http://instagram.com/faq,0
https://apple.com/contact,0
https://microsoft.com/dashboard?page=34,0
https://chase.com,0
https://stackoverflow.com/login,0
https://netflix.com/products?page=50,0
https://paypal.com/index.html,0
https://bbc.com/index.html,0
https://bestbuy.com/index.html,0
https://microsoft.com/services,0
http://microsoft.com/dashboard,0
https://google.com/,0
https://wikipedia.org/home?page=18,0
https://cnn.com/products,0
https://amazon.com/search,0
http://youtube.com/products,0
https://medium.com/about,0
https://reddit.com,0
https://reddit.com/home,0
https://instagram.com/login?page=73,0
https://bestbuy.com/signup?page=17,0
https://google.com/search,0
https://youtube.com/contact,0
https://amazon.com/dashboard?page=11,0
https://ebay.com/blog?page=7,0
https://instagram.com/settings,0
https://netflix.com/search,0
https://chase.com/blog,0
https://bbc.com/profile?page=71,0
https://facebook.com/contact,0
http://walmart.com/services,0
https://facebook.com/login,0
https://youtube.com/pricing?page=70,0
https://medium.com/support,0
https://wellsfargo.com/profile?page=90,0
https://microsoft.com/profile,0
http://facebook.com/settings,0
https://microsoft.com/faq?page=62,0
https://walmart.com/signup,0
http://target.com/api/v1/users,0
https://ebay.com/index.html,0
https://stackoverflow.com/services,0
http://walmart.com/login,0
https://instagram.com/,0
https://netflix.com/blog,0
https://medium.com/dashboard?page=31,0
https://amazon.com/pricing,0
https://paypal.com,0
https://ebay.com/contact,0
http://wikipedia.org/signup,0
https://apple.com/support?page=29,0
https://medium.com/dashboard?page=46,0
https://netflix.com/login,0
https://wellsfargo.com/signup,0
https://twitter.com/settings,0
https://amazon.com/blog,0
https://twitter.com/index.html,0
https://wellsfargo.com/profile,0
https://apple.com/index.html,0
https://instagram.com/services,0
https://instagram.com/blog,0
https://stackoverflow.com/news,0
http://nytimes.com/search,0
https://bestbuy.com/services,0
https://twitter.com/api/v1/users,0
https://reddit.com/about,0
https://stackoverflow.com/dashboard?page=98,0
http://wikipedia.org/contact,0
http://shopify.com/api/v1/users,0
https://amazon.com/faq,0
https://youtube.com/news,0
https://microsoft.com/signup,0
https://wikipedia.org/signup,0
https://youtube.com/faq,0
https://microsoft.com,0
https://twitter.com/login,0
https://twitter.com/api/v1/users,0
https://bankofamerica.com,0
https://youtube.com/login,0
https://cnn.com/search,0
https://chase.com/api/v1/users,0
https://bestbuy.com/settings,0
https://twitter.com/blog,0
https://google.com/profile,0
https://instagram.com/search?page=66,0
https://wellsfargo.com/about,0
https://paypal.com/news,0
https://github.com/help,0
https://microsoft.com/dashboard,0
https://bankofamerica.com/help,0
https://github.com/about,0
https://facebook.com/news,0
https://facebook.com/home,0
http://bestbuy.com/contact,0
https://ebay.com/home,0
https://instagram.com/,0
https://reddit.com/faq,0
https://medium.com/api/v1/users,0
https://stackoverflow.com/news,0
https://twitter.com/products,0
https://microsoft.com/api/v1/users,0
https://apple.com/settings?page=82,0
http://linkedin.com/dashboard,0
https://apple.com/products,0
https://stackoverflow.com/api/v1/users,0
https://netflix.com/settings,0
https://netflix.com/services,0
https://target.com/news,0
https://walmart.com/pricing,0
https://bbc.com/contact,0
https://twitter.com/blog,0
https://twitter.com/dashboard?page=8,0
http://youtube.com/faq,0
https://wikipedia.org/products,0
https://youtube.com,0
https://microsoft.com/contact,0
https://youtube.com/support?page=89,0
https://apple.com/help,0
https://chase.com/faq,0
https://amazon.com/profile,0
https://chase.com/faq,0
https://ebay.com/services?page=35,0
https://stackoverflow.com/login,0
https://stackoverflow.com/signup,0
https://bestbuy.com,0
https://linkedin.com/settings,0
https://microsoft.com/dashboard?page=73,0
https://bbc.com/search?page=29,0
https://amazon.com/api/v1/users,0
https://amazon.com/settings,0
https://facebook.com/support,0
https://instagram.com,0
https://medium.com/services,0
https://microsoft.com/contact,0
https://facebook.com,0
http://github.com/faq,0
https://wikipedia.org/login,0
https://facebook.com/home,0
https://nytimes.com/blog,0
https://shopify.com/signup,0
https://instagram.com/help,0
https://youtube.com/blog,0
https://reddit.com,0
https://ebay.com/login,0
https://bankofamerica.com/services?page=63,0
https://amazon.com/api/v1/users,0
https://medium.com/products,0
https://nytimes.com/index.html,0
http://reddit.com/products,0
https://bestbuy.com/services?page=82,0
https://walmart.com/index.html,0
http://ebay.com/help,0
https://walmart.com/products,0
https://twitter.com/index.html,0
http://shopify.com/search,0
https://bestbuy.com/api/v1/users,0
https://walmart.com/search,0
https://walmart.com/faq?page=30,0
https://chase.com/blog,0
http://ebay.com/dashboard?page=44,0
https://apple.com/news,0
https://google.com/support,0
https://google.com/search,0
https://wikipedia.org/news?page=40,0
https://medium.com/news,0
https://paypal.com/home,0
https://paypal.com/,0
https://google.com/news,0
https://target.com/contact,0
https://bankofamerica.com/about,0
http://youtube.com/blog?page=49,0
https://facebook.com/,0
http://wikipedia.org/contact?page=36,0
https://netflix.com/products?page=68,0
https://netflix.com/pricing,0
https://cnn.com/profile,0
https://google.com/news,0
https://amazon.com/signup?page=83,0
https://microsoft.com/products,0
https://reddit.com/,0
https://instagram.com/api/v1/users,0
https://target.com/faq,0
https://paypal.com/news,0
https://microsoft.com?page=50,0
https://walmart.com/home,0
https://bankofamerica.com/faq,0
https://microsoft.com/news,0
https://facebook.com/dashboard,0
https://bestbuy.com/search,0
https://shopify.com/,0
https://medium.com,0
https://instagram.com/news,0
https://bankofamerica.com/news,0
https://walmart.com/pricing?page=31,0
https://linkedin.com/home,0
https://bbc.com/pricing?page=95,0
https://medium.com/support,0
https://shopify.com/profile,0
https://youtube.com/news,0
https://instagram.com/home,0
https://instagram.com/pricing,0
https://shopify.com/about?page=1,0
http://google.com/services,0
https://youtube.com/pricing,0
https://medium.com/index.html,0
http://amazon.com/blog,0
https://chase.com,0
https://shopify.com/blog,0
https://youtube.com/support,0
https://facebook.com/login?page=63,0
https://medium.com/profile,0
https://chase.com/index.html,0
https://stackoverflow.com/blog,0
https://bankofamerica.com/news,0
https://chase.com/faq,0
https://cnn.com/,0
https://theguardian.com/products,0
https://bestbuy.com/home,0
https://medium.com/settings,0
https://linkedin.com/dashboard,0
https://reddit.com/search?page=23,0
https://paypal.com/services,0
https://github.com/help,0
https://reddit.com/faq,0
https://shopify.com/about?page=96,0
https://google.com/signup,0
https://youtube.com/signup?page=71,0
https://netflix.com/login,0
https://walmart.com/blog,0
https://wellsfargo.com/products,0
https://stackoverflow.com/search,0
https://microsoft.com/products?page=89,0
https://twitter.com/,0
https://stackoverflow.com/contact,0
https://wikipedia.org/products,0
https://chase.com/help,0
https://youtube.com,0
https://walmart.com/news,0
https://bestbuy.com/signup?page=40,0
https://github.com/help?page=95,0
https://chase.com/signup,0
https://bbc.com/api/v1/users,0
https://youtube.com,0
https://twitter.com/signup,0
https://bestbuy.com/help,0
http://github.com,0
https://theguardian.com/services,0
https://stackoverflow.com/api/v1/users,0
https://microsoft.com/contact,0
https://theguardian.com/faq,0
https://stackoverflow.com/,0
https://microsoft.com/,0
https://bbc.com/faq?page=68,0
https://cnn.com/settings,0
https://wellsfargo.com/api/v1/users,0
https://shopify.com/about?page=92,0
https://netflix.com/help,0
https://instagram.com/faq,0
https://amazon.com/api/v1/users,0
https://netflix.com/services,0
https://theguardian.com/dashboard,0
https://wikipedia.org/products,0
https://theguardian.com/index.html,0
https://linkedin.com/help,0
https://theguardian.com/search,0
https://instagram.com/search,0
https://walmart.com/home,0
http://walmart.com/contact,0
https://linkedin.com/settings,0
http://wellsfargo.com/pricing,0
https://amazon.com/,0
https://twitter.com/search?page=76,0
https://theguardian.com/api/v1/users,0
https://amazon.com/contact,0
https://bestbuy.com/api/v1/users,0
http://bankofamerica.com/api/v1/users,0
https://walmart.com/pricing,0
http://paypal.com/faq?page=72,0
https://bankofamerica.com/?page=46,0
https://walmart.com/index.html,0
https://linkedin.com/dashboard,0
https://bankofamerica.com/faq,0
https://ebay.com/pricing,0
https://wellsfargo.com/home?page=32,0
https://reddit.com/help?page=51,0
https://bestbuy.com/help,0
http://bbc.com/search?page=41,0
https://shopify.com/index.html,0
http://netflix.com/blog?page=65,0
http://stackoverflow.com/blog,0
https://bestbuy.com/search,0
https://youtube.com/,0
https://chase.com/support,0
https://amazon.com/api/v1/users,0
https://shopify.com/services?page=7,0
https://cnn.com/support,0
https://wellsfargo.com/support?page=36,0
https://cnn.com/faq,0
https://paypal.com/news,0
https://cnn.com/services,0
https://netflix.com/contact,0
https://target.com/pricing,0
https://netflix.com/signup,0
https://medium.com/profile,0
https://stackoverflow.com/services,0
https://amazon.com/index.html?page=79,0
https://microsoft.com/faq,0
https://walmart.com/about,0
https://youtube.com/settings,0
https://medium.com/faq,0
https://bestbuy.com/search,0
https://bestbuy.com/dashboard,0
https://stackoverflow.com/profile,0
https://paypal.com/services?page=69,0
https://bestbuy.com/api/v1/users,0
https://facebook.com/profile?page=45,0
https://reddit.com,0
https://facebook.com/api/v1/users,0
https://stackoverflow.com/index.html,0
https://facebook.com/blog,0
https://reddit.com/home,0
https://wikipedia.org/services?page=88,0
https://apple.com/settings,0
https://linkedin.com/settings,0
https://shopify.com/pricing,0
http://github.com/index.html,0
https://bbc.com/profile,0
https://medium.com/support?page=18,0
https://twitter.com/news?page=48,0
https://chase.com/login,0
https://facebook.com/,0
https://reddit.com/settings?page=9,0
https://ebay.com/faq,0
https://ebay.com/products,0
https://amazon.com/news,0
http://apple.com/api/v1/users,0
https://amazon.com,0
https://chase.com/index.html,0
https://youtube.com/login,0
https://wellsfargo.com/services,0
https://reddit.com/api/v1/users?page=81,0
https://paypal.com/dashboard?page=75,0
https://stackoverflow.com/faq,0
https://google.com/products,0
https://netflix.com/home,0
https://target.com/products,0
https://twitter.com/products,0
http://bankofamerica.com/login?page=84,0
https://theguardian.com/contact,0
https://walmart.com/contact,0
https://chase.com/support,0
https://bbc.com/dashboard?page=23,0
https://facebook.com/profile,0
http://apple.com/dashboard?page=46,0
https://bbc.com/home,0
https://microsoft.com/faq,0
https://cnn.com/about,0
https://linkedin.com/blog,0
http://netflix.com/contact,0
https://google.com/news,0
http://shopify.com/settings?page=89,0
http://theguardian.com/blog?page=41,0
https://wikipedia.org/about,0
https://google.com/services,0
https://paypal.com/profile,0
https://wellsfargo.com/,0
https://twitter.com/blog,0
https://ebay.com/api/v1/users,0
https://cnn.com/login,0
http://instagram.com/login?page=38,0
https://stackoverflow.com/profile,0
https://google.com/support,0
https://youtube.com/support,0
https://instagram.com,0
https://facebook.com/pricing,0
https://github.com,0
https://github.com/services?page=14,0
https://netflix.com/faq,0
https://bbc.com/dashboard,0
https://linkedin.com,0
https://walmart.com/api/v1/users,0
https://nytimes.com/products,0
https://netflix.com/contact,0
https://walmart.com,0
https://youtube.com/profile,0
https://amazon.com/,0
https://microsoft.com/about?page=89,0
https://instagram.com,0
https://youtube.com/services?page=44,0
https://bestbuy.com/api/v1/users,0
https://bankofamerica.com/products,0
https://medium.com/about,0
https://shopify.com/pricing,0
https://target.com/api/v1/users?page=1,0
https://bbc.com/about,0
https://microsoft.com/pricing,0
https://netflix.com/search?page=65,0
https://instagram.com/faq?page=94,0
https://wikipedia.org/services,0
https://stackoverflow.com/settings,0
https://cnn.com/index.html,0
https://bestbuy.com/search?page=41,0
https://walmart.com/about,0
https://instagram.com/login,0
https://amazon.com/contact,0
https://netflix.com/contact?page=71,0
https://paypal.com/api/v1/users?page=69,0
https://microsoft.com/support,0
https://bbc.com/pricing,0
https://google.com/signup,0
https://wellsfargo.com/home,0
https://facebook.com/faq,0
https://walmart.com/about,0
https://wellsfargo.com/about,0
https://paypal.com/blog,0
https://walmart.com/profile?page=53,0
https://facebook.com/settings,0
https://nytimes.com/signup,0
https://google.com/dashboard,0
https://bbc.com/contact,0
https://cnn.com/login,0
https://wellsfargo.com/pricing,0
https://cnn.com/pricing,0
https://youtube.com/,0
http://youtube.com/settings,0
https://wikipedia.org/about,0
https://apple.com/search,0
https://bankofamerica.com/signup,0
https://google.com/signup,0
https://ebay.com/news,0
https://target.com/help,0
https://shopify.com/support,0
https://microsoft.com/dashboard,0
https://shopify.com/products,0
https://bestbuy.com/pricing,0
https://stackoverflow.com/about,0
https://twitter.com/,0
https://github.com/home,0
https://instagram.com/home,0
http://bestbuy.com/api/v1/users?page=76,0
https://nytimes.com/api/v1/users,0
https://medium.com,0
https://reddit.com/products,0
https://bestbuy.com/news?page=28,0
https://facebook.com/services,0
https://theguardian.com/login,0
https://medium.com/about?page=9,0
https://microsoft.com/profile,0
https://medium.com/login,0
https://github.com/,0
https://bestbuy.com/api/v1/users?page=43,0
https://walmart.com,0
https://linkedin.com/faq,0
https://amazon.com/contact,0
https://medium.com/blog,0
https://instagram.com,0
https://twitter.com/home,0
https://theguardian.com/blog,0
https://reddit.com/products,0
https://nytimes.com/search,0
https://medium.com/pricing,0
https://ebay.com/products?page=75,0
https://google.com/support,0
https://apple.com/home,0
http://wellsfargo.com/news?page=75,0
https://stackoverflow.com/pricing,0
https://twitter.com/blog,0
https://instagram.com/support,0
https://twitter.com/settings,0
https://walmart.com/search,0
https://chase.com/pricing,0
https://facebook.com/api/v1/users?page=91,0
https://youtube.com/,0
https://cnn.com,0
https://walmart.com/contact,0
https://wellsfargo.com/search?page=93,0
https://google.com/search,0
https://walmart.com/login?page=24,0
https://twitter.com/home,0
https://target.com/dashboard?page=67,0
https://cnn.com/,0
http://bbc.com/,0
https://walmart.com/help,0
https://apple.com/about,0
https://twitter.com/settings,0
https://amazon.com/services,0
https://bestbuy.com/products?page=75,0
http://stackoverflow.com/settings,0
https://bankofamerica.com,0
http://microsoft.com/index.html,0
https://google.com/settings,0
https://shopify.com/login,0
https://ebay.com/api/v1/users,0
https://bankofamerica.com/services,0
https://twitter.com/settings,0
https://stackoverflow.com,0
https://theguardian.com/profile,0
http://walmart.com/login?page=18,0
https://walmart.com/help?page=61,0
https://linkedin.com/?page=59,0
https://bestbuy.com/help,0
http://nytimes.com/services,0
https://walmart.com/contact,0
https://microsoft.com/contact,0
https://theguardian.com/pricing,0
https://bestbuy.com/,0
https://chase.com/news,0
https://twitter.com/,0
https://google.com/settings,0
https://medium.com/search,0
https://cnn.com/api/v1/users,0
https://ebay.com/home,0
https://youtube.com/dashboard,0
https://apple.com/about,0
https://github.com/pricing,0
http://target.com/signup,0
https://wellsfargo.com/profile,0
https://target.com/services,0
https://bestbuy.com/services,0
https://instagram.com/news,0
https://youtube.com/help,0
https://paypal.com/products?page=92,0
https://youtube.com/profile,0
https://instagram.com/login,0
https://ebay.com/api/v1/users,0
https://linkedin.com/products,0
http://paypal.com/?page=51,0
https://stackoverflow.com/search?page=45,0
https://shopify.com/signup,0
https://medium.com/services,0
https://instagram.com/news,0
https://reddit.com/faq,0
https://apple.com/search,0
https://facebook.com/help,0
https://instagram.com/faq,0
https://bestbuy.com/settings,0
http://chase.com/index.html,0
https://github.com/dashboard,0
http://wellsfargo.com/services?page=45,0
https://medium.com/services,0
https://wellsfargo.com/profile?page=16,0
https://linkedin.com/support,0
http://reddit.com,0
https://microsoft.com/settings,0
https://stackoverflow.com/search,0
https://theguardian.com/about?page=84,0
https://wellsfargo.com/home,0
http://nytimes.com/settings?page=95,0
https://github.com/contact,0
https://ebay.com/contact,0
https://wikipedia.org?page=63,0
https://linkedin.com/index.html?page=28,0
https://amazon.com/api/v1/users?page=85,0
https://youtube.com,0
https://paypal.com/about,0
https://nytimes.com/search,0
https://linkedin.com/news,0
https://stackoverflow.com/signup,0
https://nytimes.com/dashboard?page=62,0
https://walmart.com/index.html,0
https://amazon.com/about,0
http://instagram.com/,0
https://nytimes.com/login,0
https://github.com/login,0
https://shopify.com/news,0
https://wellsfargo.com/blog,0
https://reddit.com/search,0
http://ebay.com/pricing,0
https://reddit.com/profile,0
https://ebay.com/settings,0
https://stackoverflow.com,0
https://shopify.com/contact?page=98,0
https://netflix.com/about,0
https://ebay.com/login,0
https://target.com/about,0
http://microsoft.com/pricing,0
https://google.com,0
https://wellsfargo.com?page=99,0
https://bbc.com/,0
https://medium.com/signup,0
https://microsoft.com/search,0
https://bestbuy.com/help,0
https://netflix.com/api/v1/users,0
https://walmart.com/profile,0
https://wellsfargo.com/profile?page=97,0
https://bankofamerica.com/login,0
https://bankofamerica.com/search,0
http://microsoft.com/dashboard,0
https://paypal.com/settings?page=43,0
https://paypal.com/?page=71,0
https://medium.com/,0
https://shopify.com/contact,0
https://bbc.com/help?page=71,0
https://theguardian.com/login,0
https://github.com/contact?page=64,0
https://paypal.com/contact,0
https://wikipedia.org/news,0
https://theguardian.com/home?page=89,0
http://cnn.com/products,0
http://github.com/blog,0
https://facebook.com/index.html,0
https://ebay.com/faq,0
https://reddit.com/faq?page=51,0
https://netflix.com,0
https://nytimes.com/signup,0
https://bestbuy.com/login,0
https://github.com/dashboard,0
http://netflix.com/dashboard,0
https://walmart.com/news,0
https://amazon.com/support,0
https://ebay.com/,0
https://facebook.com/contact,0
https://github.com/blog,0
https://linkedin.com/pricing,0
http://theguardian.com/about,0
https://bestbuy.com/support?page=98,0
https://medium.com/settings?page=95,0
https://amazon.com/signup?page=45,0
http://wikipedia.org/api/v1/users,0
http://microsoft.com/signup?page=18,0
https://github.com,0
https://netflix.com/news,0
https://youtube.com/index.html,0
https://reddit.com/dashboard,0
https://bankofamerica.com/services,0
https://bankofamerica.com/contact,0
https://facebook.com/blog,0
https://linkedin.com/dashboard,0
https://linkedin.com/,0
https://wellsfargo.com/help,0
https://youtube.com/dashboard,0
https://stackoverflow.com,0
https://youtube.com/dashboard?page=27,0
https://youtube.com/,0
https://apple.com/pricing,0
https://theguardian.com/index.html,0
https://target.com/dashboard?page=95,0
https://stackoverflow.com/login,0
https://netflix.com/contact,0
https://instagram.com,0
https://nytimes.com/profile,0
https://wellsfargo.com/signup,0
https://nytimes.com/signup,0
https://microsoft.com/dashboard,0
https://youtube.com/api/v1/users,0
http://target.com/about,0
https://nytimes.com/login,0
https://wellsfargo.com/faq,0
https://theguardian.com/support,0
https://reddit.com/login,0
https://twitter.com/products,0
https://stackoverflow.com/signup?page=25,0
http://bestbuy.com/home,0
http://microsoft.com/faq,0
https://wellsfargo.com/settings,0
https://apple.com/signup,0
https://netflix.com/login?page=89,0
https://linkedin.com/dashboard,0
https://bankofamerica.com/dashboard,0
https://stackoverflow.com/contact,0
https://microsoft.com/signup,0
https://instagram.com/index.html?page=48,0
https://microsoft.com/about,0
https://instagram.com/home,0
https://paypal.com/,0
https://medium.com/services,0
https://chase.com/login?page=77,0
https://bankofamerica.com/settings,0
https://medium.com/signup,0
http://paypal.com/faq,0
https://youtube.com/products,0
https://apple.com/settings?page=41,0
https://bestbuy.com/api/v1/users,0
https://wikipedia.org/home,0
http://reddit.com/support,0
https://target.com/help?page=27,0
https://microsoft.com/settings,0
https://reddit.com/pricing,0
https://microsoft.com/about?page=60,0
https://amazon.com/profile,0
https://microsoft.com/dashboard,0
https://wellsfargo.com/pricing,0
http://paypal.com/signup,0
https://wellsfargo.com/help,0
https://wikipedia.org/dashboard?page=83,0
https://stackoverflow.com/profile?page=97,0
https://apple.com/blog,0
https://bbc.com/profile?page=29,0
https://wikipedia.org/about,0
https://instagram.com/pricing,0
https://facebook.com/help,0
https://youtube.com/signup?page=35,0
https://wikipedia.org/news,0
https://netflix.com/faq?page=26,0
https://medium.com/products,0
https://paypal.com/support,0
https://target.com/help?page=92,0
https://wikipedia.org/contact,0
http://paypal.com/api/v1/users,0
http://nytimes.com/blog,0
https://theguardian.com/services,0
https://paypal.com/support,0
https://apple.com/profile?page=45,0
https://nytimes.com/api/v1/users,0
https://shopify.com/help,0
https://facebook.com/home,0
https://bestbuy.com/products,0
https://bestbuy.com/services,0
https://stackoverflow.com/settings?page=15,0
https://wellsfargo.com/settings,0
https://stackoverflow.com/help,0
https://reddit.com/dashboard,0
https://medium.com/settings,0
https://wikipedia.org/news,0
http://wikipedia.org/home,0
https://chase.com/help,0
http://reddit.com/api/v1/users,0
https://microsoft.com/services,0
https://bbc.com,0
https://walmart.com/help,0
https://youtube.com/settings,0
https://facebook.com/news,0
https://netflix.com/contact?page=40,0
https://github.com/about,0
https://theguardian.com/pricing,0
https://google.com/products,0
https://medium.com/contact,0
https://theguardian.com/,0
https://cnn.com/api/v1/users?page=28,0
https://bbc.com/pricing,0
https://medium.com/products,0
https://linkedin.com/products,0
https://chase.com/,0
https://apple.com/login,0
https://amazon.com/about?page=22,0
https://microsoft.com/news?page=48,0
https://stackoverflow.com/home,0
https://apple.com/contact?page=91,0
http://reddit.com/faq,0
https://facebook.com/profile,0
http://medium.com/support,0
https://apple.com/profile,0
https://walmart.com/signup,0
https://netflix.com/help,0
https://twitter.com/login,0
https://ebay.com/blog,0
https://google.com/blog,0
https://wikipedia.org,0
https://apple.com/?page=58,0
https://github.com/contact?page=33,0
http://reddit.com/news,0
https://facebook.com/?page=3,0
https://facebook.com/dashboard,0
https://amazon.com/faq,0
http://target.com/dashboard,0
https://paypal.com/search?page=44,0
https://linkedin.com/about,0
https://instagram.com/signup?page=31,0
http://paypal.com/search,0
https://nytimes.com/blog,0
https://linkedin.com/home,0
https://wellsfargo.com/index.html,0
https://instagram.com/pricing,0
http://medium.com/help,0
https://walmart.com/news,0
https://linkedin.com/faq,0
https://nytimes.com/login,0
https://youtube.com/login,0
https://linkedin.com/products,0
https://wellsfargo.com/about,0
https://paypal.com/api/v1/users,0
https://linkedin.com/,0
https://github.com/,0
https://wellsfargo.com/help,0
https://bbc.com/about?page=13,0
https://target.com/news?page=95,0
https://reddit.com/dashboard,0
https://target.com/index.html,0
https://github.com/pricing,0
https://walmart.com/home,0
https://walmart.com/login,0
https://apple.com/api/v1/users,0
https://walmart.com/settings,0
https://netflix.com/help,0
https://apple.com/products,0
https://shopify.com/api/v1/users,0
https://wikipedia.org/index.html,0
https://amazon.com/support,0
https://google.com/news,0
https://bbc.com/login,0
https://netflix.com?page=61,0
https://cnn.com/api/v1/users,0
https://target.com/signup,0
https://nytimes.com/support,0
https://walmart.com/about,0
https://nytimes.com/services,0
https://youtube.com/blog?page=26,0
http://facebook.com/services,0
https://google.com/home,0
https://cnn.com/index.html?page=1,0
https://wikipedia.org/settings,0
https://facebook.com/blog,0
https://wellsfargo.com/contact,0
https://target.com/products?page=93,0
https://medium.com/news,0
https://microsoft.com/settings,0
https://ebay.com/,0
https://target.com?page=74,0
https://chase.com?page=40,0
https://ebay.com/news?page=51,0
https://shopify.com/login,0
https://netflix.com/,0
https://shopify.com/products?page=27,0
https://google.com/services,0
https://stackoverflow.com/faq,0
https://stackoverflow.com/support,0
https://bestbuy.com/,0
https://instagram.com/blog,0
https://walmart.com/,0
https://walmart.com/news,0
https://bbc.com/profile,0
https://shopify.com/about,0
https://github.com/profile,0
https://stackoverflow.com/profile,0
https://wellsfargo.com/about,0
https://medium.com/dashboard,0
https://cnn.com/pricing,0
https://ebay.com/support,0
https://twitter.com/login,0
https://reddit.com/index.html,0
https://microsoft.com/profile,0
https://walmart.com/profile?page=27,0
https://netflix.com/help,0
https://paypal.com/faq?page=68,0
https://target.com/?page=65,0
https://ebay.com,0
https://wellsfargo.com/news?page=42,0
https://facebook.com/,0
https://linkedin.com/index.html,0
https://instagram.com/signup,0
https://paypal.com/pricing,0
https://nytimes.com/faq,0
https://wikipedia.org/?page=9,0
http://netflix.com/home,0
https://chase.com/support?page=4,0
http://netflix.com/signup,0
https://medium.com/login,0
https://theguardian.com/login,0
https://wikipedia.org/help,0
https://bbc.com/settings,0
https://chase.com/products?page=80,0
https://wikipedia.org/signup?page=32,0
https://instagram.com/dashboard,0
https://amazon.com/signup,0
https://linkedin.com/signup,0
https://youtube.com/home,0
https://bbc.com/news?page=46,0
https://apple.com,0
https://wikipedia.org/products?page=63,0
http://facebook.com/news,0
https://paypal.com/settings,0
https://wellsfargo.com/home,0
https://bestbuy.com/about?page=78,0
https://google.com/news,0
https://chase.com/pricing,0
https://stackoverflow.com,0
https://github.com/faq,0
https://walmart.com/,0
http://youtube.com/signup,0
https://bbc.com/pricing?page=71,0
https://shopify.com/news,0
https://netflix.com/home,0
https://amazon.com/about,0
https://linkedin.com/blog,0
http://bankofamerica.com/,0
https://target.com/faq?page=2,0
https://amazon.com/products?page=80,0
https://netflix.com/?page=1,0
https://wellsfargo.com/,0
https://facebook.com/api/v1/users?page=40,0
https://google.com/profile?page=2,0
https://ebay.com/services?page=45,0
https://medium.com/products?page=92,0
https://microsoft.com/blog?page=91,0
https://wikipedia.org/api/v1/users,0
https://facebook.com/faq,0
https://target.com/index.html,0
https://netflix.com/blog,0
https://cnn.com/blog,0
https://medium.com/services,0
https://paypal.com/settings?page=71,0
https://theguardian.com/settings?page=8,0
https://amazon.com/,0
https://instagram.com/help,0
https://nytimes.com/api/v1/users,0
https://apple.com/login,0
https://stackoverflow.com/news?page=87,0
https://walmart.com/home,0
http://github.com/login,0
https://cnn.com/products,0
https://reddit.com/index.html,0
https://shopify.com/search,0
https://ebay.com/news,0
https://github.com/?page=67,0
https://youtube.com/news,0
https://facebook.com/help?page=85,0
https://theguardian.com/api/v1/users,0
https://amazon.com/index.html,0
https://reddit.com/support,0
https://reddit.com/support?page=84,0
https://apple.com/signup,0
https://target.com/blog,0
http://wikipedia.org/index.html,0
https://medium.com/services?page=19,0
https://bbc.com/login,0
https://twitter.com/search,0
https://bbc.com/settings,0
https://paypal.com/api/v1/users,0
https://youtube.com/blog,0
https://bbc.com/profile,0
https://bestbuy.com,0
https://nytimes.com/login,0
https://cnn.com/faq,0
https://reddit.com/signup,0
https://google.com/products,0
https://theguardian.com/about,0
https://bbc.com/profile,0
https://target.com/,0
https://nytimes.com/,0
https://target.com/api/v1/users,0
https://bestbuy.com/api/v1/users?page=17,0
https://youtube.com/,0
https://bbc.com/news,0
https://reddit.com/api/v1/users?page=29,0
https://youtube.com/about,0
https://github.com/signup?page=6,0
https://shopify.com/index.html,0
https://chase.com/index.html?page=75,0
https://microsoft.com/signup,0
https://microsoft.com/settings?page=19,0
https://linkedin.com/news,0
https://instagram.com/pricing,0
https://youtube.com/blog,0
https://instagram.com/dashboard,0
https://stackoverflow.com/news,0
https://reddit.com/help,0
https://paypal.com/profile,0
https://bankofamerica.com/search?page=16,0
https://linkedin.com/products?page=18,0
https://shopify.com/faq,0
https://instagram.com/search,0
https://facebook.com/faq,0
https://apple.com/profile?page=49,0
https://reddit.com/signup,0
https://stackoverflow.com/blog?page=7,0
https://github.com/help,0
https://nytimes.com/blog,0
https://netflix.com/contact?page=7,0
https://netflix.com/api/v1/users,0
https://bbc.com/profile,0
https://google.com/news,0
https://instagram.com/signup,0
https://twitter.com/blog?page=74,0
https://reddit.com/dashboard,0
http://twitter.com/blog?page=9,0
https://theguardian.com/dashboard,0
https://twitter.com/index.html,0
https://apple.com/api/v1/users,0
https://target.com/dashboard,0
https://paypal.com/help,0
https://amazon.com/support,0
https://amazon.com/about,0
https://stackoverflow.com/search,0
https://twitter.com/index.html?page=43,0
https://walmart.com/signup,0
https://bestbuy.com/profile,0
https://paypal.com/settings,0
https://walmart.com/contact,0
https://instagram.com/about,0
https://bestbuy.com/dashboard,0
https://github.com,0
https://twitter.com/services?page=3,0
https://youtube.com/index.html,0
https://nytimes.com/about,0
https://chase.com/news,0
https://bankofamerica.com/,0
https://twitter.com/login,0
https://linkedin.com/dashboard,0
https://github.com/contact?page=37,0
https://wikipedia.org/api/v1/users?page=83,0
http://bestbuy.com/services?page=13,0
https://bankofamerica.com/dashboard,0
https://netflix.com/pricing,0
https://ebay.com/index.html?page=76,0
https://reddit.com/api/v1/users?page=77,0
http://bestbuy.com/home,0
https://google.com/news,0
https://wikipedia.org,0
https://reddit.com,0
https://walmart.com/api/v1/users?page=81,0
http://target.com/faq,0
https://medium.com/faq,0
https://reddit.com/pricing,0
https://ebay.com/search,0
http://youtube.com/about,0
https://netflix.com/about,0
https://facebook.com/dashboard,0
https://amazon.com/,0
https://twitter.com/faq,0
https://target.com/faq?page=10,0
https://bankofamerica.com/home,0
https://instagram.com,0
https://netflix.com,0
https://twitter.com/news,0
https://target.com/blog,0
http://chase.com/help,0
https://google.com/search,0
https://medium.com/news,0
http://ebay.com/contact?page=75,0
https://bbc.com/login,0
https://paypal.com/support,0
https://theguardian.com/search?page=20,0
https://paypal.com/?page=61,0
https://ebay.com/help,0
https://microsoft.com,0
https://microsoft.com/api/v1/users,0
http://wikipedia.org/search,0
https://google.com/news,0
https://ebay.com/home,0
https://wikipedia.org/faq,0
https://microsoft.com/services,0
https://amazon.com,0
https://medium.com/news,0
http://microsoft.com/support?page=50,0
https://walmart.com/blog,0
https://shopify.com/index.html,0
https://stackoverflow.com/news,0
https://linkedin.com/help,0
http://reddit.com/login,0
https://microsoft.com/news,0
https://medium.com/signup,0
https://target.com/news?page=4,0
https://paypal.com/faq?page=88,0
https://amazon.com/settings,0
https://youtube.com/dashboard,0
https://facebook.com/news,0
https://twitter.com/index.html?page=83,0
https://instagram.com/services,0
https://target.com/pricing,0
https://microsoft.com/signup,0
https://cnn.com/dashboard,0
https://google.com/blog,0
https://linkedin.com/dashboard,0
http://wellsfargo.com,0
https://bbc.com/dashboard,0
http://theguardian.com/login,0
https://cnn.com/services,0
https://chase.com/help,0
https://apple.com/blog?page=52,0
https://reddit.com/news?page=54,0
https://linkedin.com/search,0
http://stackoverflow.com/home,0
https://bbc.com/pricing,0
https://netflix.com/about,0
https://twitter.com/login,0
https://cnn.com/search?page=81,0
https://youtube.com/products,0
https://amazon.com/signup,0
http://linkedin.com/login,0
http://cnn.com/index.html,0
https://target.com/login,0
https://chase.com/help,0
https://facebook.com/,0
https://paypal.com/login,0
https://ebay.com/about,0
https://bestbuy.com/profile?page=47,0
https://walmart.com/faq,0
https://twitter.com/pricing,0
https://medium.com/pricing,0
https://bestbuy.com/,0
https://nytimes.com/help,0
https://stackoverflow.com,0
http://walmart.com/contact?page=65,0
https://stackoverflow.com/contact,0
https://github.com/dashboard,0
https://reddit.com/home,0
https://shopify.com/,0
https://youtube.com/dashboard,0
https://cnn.com/login?page=50,0
https://bbc.com/news?page=17,0
https://cnn.com,0
https://stackoverflow.com/search,0
https://wellsfargo.com/home,0
https://linkedin.com/news,0
https://instagram.com/contact,0
https://microsoft.com,0
https://bestbuy.com/about?page=36,0
https://wikipedia.org/signup,0
https://nytimes.com,0
https://instagram.com/pricing,0
https://bankofamerica.com/about?page=39,0
https://ebay.com/signup,0
https://shopify.com/support,0
https://nytimes.com/blog?page=47,0
https://instagram.com/profile?page=96,0
https://ebay.com/news,0
https://linkedin.com/search,0
https://github.com/,0
https://bbc.com/index.html,0
https://stackoverflow.com/home,0
https://target.com/settings,0
https://instagram.com/blog?page=64,0
https://medium.com/about,0
https://walmart.com/api/v1/users,0
https://bbc.com,0
https://walmart.com/news,0
https://bestbuy.com/settings,0
https://shopify.com/login,0
https://amazon.com/home,0
https://ebay.com/pricing,0
https://stackoverflow.com/services,0
http://bbc.com/faq,0
https://netflix.com/services,0
http://bestbuy.com/dashboard?page=98,0
https://walmart.com/help,0
https://target.com/products,0
https://medium.com/login,0
https://reddit.com/signup,0
https://amazon.com/?page=41,0
https://instagram.com/,0
https://linkedin.com/blog,0
https://netflix.com/search?page=51,0
https://stackoverflow.com/index.html,0
https://target.com/dashboard?page=35,0
https://wikipedia.org/dashboard,0
https://linkedin.com/blog,0
https://reddit.com/signup?page=47,0
https://netflix.com,0
https://facebook.com/support,0
https://chase.com/support?page=64,0
https://cnn.com/about?page=75,0
http://linkedin.com/signup,0
https://paypal.com/pricing,0
https://facebook.com/signup?page=29,0
https://wikipedia.org/pricing?page=49,0
https://amazon.com/faq,0
http://instagram.com/dashboard?page=35,0
https://theguardian.com/contact,0
https://apple.com/api/v1/users,0
https://apple.com/profile,0
https://youtube.com/faq,0
https://instagram.com/contact?page=91,0
https://github.com/faq,0
https://bestbuy.com,0
https://linkedin.com/login,0
https://apple.com/products?page=88,0
https://google.com/support?page=57,0
https://theguardian.com/signup,0
https://instagram.com/support,0
https://twitter.com/pricing,0
https://reddit.com/api/v1/users,0
https://netflix.com/dashboard,0
https://amazon.com/dashboard,0
https://walmart.com/services,0
https://bestbuy.com,0
https://microsoft.com/,0
https://amazon.com/,0
https://theguardian.com/,0
https://nytimes.com/settings,0
https://paypal.com/dashboard?page=88,0
https://youtube.com/products,0
https://instagram.com/dashboard,0
https://medium.com/settings,0
https://youtube.com/login,0
https://target.com/home?page=13,0
https://shopify.com/news,0
http://github.com/about,0
https://amazon.com/settings,0
https://facebook.com/contact?page=43,0
https://stackoverflow.com/blog,0
https://shopify.com/about?page=6,0
https://paypal.com/,0
https://netflix.com,0
https://amazon.com/products,0
https://netflix.com/index.html,0
https://bestbuy.com/login,0
https://paypal.com/pricing,0
https://cnn.com/news,0
https://linkedin.com/signup,0
https://chase.com/pricing,0
https://bestbuy.com/home,0
https://amazon.com/products,0
https://bankofamerica.com/home,0
https://bestbuy.com/profile,0
http://instagram.com/faq,0
https://theguardian.com/news,0
https://reddit.com/settings,0
https://reddit.com/faq?page=27,0
https://ebay.com/search,0
https://stackoverflow.com/profile,0
https://wikipedia.org/profile,0
https://chase.com/,0
http://theguardian.com/dashboard,0
https://stackoverflow.com/api/v1/users,0
https://facebook.com/index.html,0
http://shopify.com/index.html,0
https://reddit.com/news,0
https://paypal.com/search?page=45,0
https://paypal.com/home?page=54,0
https://netflix.com/search,0
https://wellsfargo.com/services,0
https://youtube.com/blog,0
http://ebay.com/home?page=83,0
https://bbc.com/news?page=53,0
https://amazon.com/contact,0
https://youtube.com/about?page=80,0
https://bestbuy.com/services,0
https://chase.com/faq?page=63,0
https://reddit.com/settings,0
https://bestbuy.com/help,0
https://google.com/services,0
https://nytimes.com/faq,0
